date,results,slot 1,slot 2,slot 3,slot 4,slot 5,slot 6,sorted1,sorted2,sorted3,sorted4,sorted5,sorted6
12/16/2013,11-55-53-16-39-17,11,55,53,16,39,17,11,16,17,39,53,55
12/18/2013,07-20-40-01-31-21,7,20,40,1,31,21,1,7,20,21,31,40
12/21/2013,09-49-14-03-23-35,9,49,14,3,23,35,3,9,14,23,35,49
12/23/2013,40-24-08-48-35-09,40,24,8,48,35,9,8,9,24,35,40,48
12/28/2013,35-42-09-15-39-36,35,42,9,15,39,36,9,15,35,36,39,42
12/30/2013,38-15-34-29-08-41,38,15,34,29,8,41,8,15,29,34,38,41
1/4/2014,32-10-18-03-38-31,32,10,18,3,38,31,3,10,18,31,32,38
1/6/2014,09-02-47-29-12-55,9,2,47,29,12,55,2,9,12,29,47,55
1/8/2014,22-43-08-54-20-40,22,43,8,54,20,40,8,20,22,40,43,54
1/11/2014,08-24-30-52-27-06,8,24,30,52,27,6,6,8,24,27,30,52
1/13/2014,39-04-38-19-42-13,39,4,38,19,42,13,4,13,19,38,39,42
1/15/2014,38-21-03-22-50-28,38,21,3,22,50,28,3,21,22,28,38,50
1/18/2014,27-08-48-09-46-45,27,8,48,9,46,45,8,9,27,45,46,48
1/20/2014,02-38-32-19-08-03,2,38,32,19,8,3,2,3,8,19,32,38
1/22/2014,19-23-53-04-16-30,19,23,53,4,16,30,4,16,19,23,30,53
1/25/2014,50-41-47-09-35-05,50,41,47,9,35,5,5,9,35,41,47,50
1/27/2014,54-32-47-14-46-53,54,32,47,14,46,53,14,32,46,47,53,54
1/29/2014,51-25-50-17-45-32,51,25,50,17,45,32,17,25,32,45,50,51
2/1/2014,25-09-06-50-32-48,25,9,6,50,32,48,6,9,25,32,48,50
2/3/2014,49-37-22-27-35-44,49,37,22,27,35,44,22,27,35,37,44,49
2/5/2014,20-42-33-13-03-04,20,42,33,13,3,4,3,4,13,20,33,42
2/8/2014,08-51-09-49-15-26,8,51,9,49,15,26,8,9,15,26,49,51
2/10/2014,23-49-09-48-46-45,23,49,9,48,46,45,9,23,45,46,48,49
2/12/2014,16-46-03-52-51-15,16,46,3,52,51,15,3,15,16,46,51,52
2/15/2014,08-03-19-13-42-01,8,3,19,13,42,1,1,3,8,13,19,42
2/17/2014,45-21-39-16-24-27,45,21,39,16,24,27,16,21,24,27,39,45
2/19/2014,18-23-09-07-14-13,18,23,9,7,14,13,7,9,13,14,18,23
2/22/2014,08-51-11-48-34-10,8,51,11,48,34,10,8,10,11,34,48,51
2/24/2014,03-27-52-02-26-43,3,27,52,2,26,43,2,3,26,27,43,52
2/26/2014,54-17-28-55-23-05,54,17,28,55,23,5,5,17,23,28,54,55
3/1/2014,55-21-37-48-14-47,55,21,37,48,14,47,14,21,37,47,48,55
3/3/2014,42-47-43-48-52-17,42,47,43,48,52,17,17,42,43,47,48,52
3/5/2014,26-34-36-27-45-39,26,34,36,27,45,39,26,27,34,36,39,45
3/8/2014,11-21-07-20-54-26,11,21,7,20,54,26,7,11,20,21,26,54
3/10/2014,33-51-42-27-32-43,33,51,42,27,32,43,27,32,33,42,43,51
3/12/2014,08-44-01-54-30-05,8,44,1,54,30,5,1,5,8,30,44,54
3/15/2014,46-40-55-32-02-03,46,40,55,32,2,3,2,3,32,40,46,55
3/17/2014,08-29-17-51-26-32,8,29,17,51,26,32,8,17,26,29,32,51
3/19/2014,47-03-50-43-20-51,47,3,50,43,20,51,3,20,43,47,50,51
3/22/2014,36-06-21-30-11-25,36,6,21,30,11,25,6,11,21,25,30,36
3/24/2014,43-31-33-04-07-42,43,31,33,4,7,42,4,7,31,33,42,43
3/26/2014,18-53-38-09-14-23,18,53,38,9,14,23,9,14,18,23,38,53
3/29/2014,40-41-24-09-34-21,40,41,24,9,34,21,9,21,24,34,40,41
3/31/2014,05-44-29-30-48-20,5,44,29,30,48,20,5,20,29,30,44,48
4/2/2014,33-03-35-31-19-38,33,3,35,31,19,38,3,19,31,33,35,38
4/5/2014,52-34-29-14-38-05,52,34,29,14,38,5,5,14,29,34,38,52
4/7/2014,39-21-42-28-05-27,39,21,42,28,5,27,5,21,27,28,39,42
4/9/2014,52-15-25-55-23-31,52,15,25,55,23,31,15,23,25,31,52,55
4/12/2014,16-13-30-41-44-46,16,13,30,41,44,46,13,16,30,41,44,46
4/14/2014,02-24-06-17-11-14,2,24,6,17,11,14,2,6,11,14,17,24
4/16/2014,28-41-12-29-11-01,28,41,12,29,11,1,1,11,12,28,29,41
4/21/2014,36-46-52-47-45-43,36,46,52,47,45,43,36,43,45,46,47,52
4/23/2014,40-39-35-36-29-55,40,39,35,36,29,55,29,35,36,39,40,55
4/26/2014,36-50-52-45-14-44,36,50,52,45,14,44,14,36,44,45,50,52
4/28/2014,20-21-30-48-16-44,20,21,30,48,16,44,16,20,21,30,44,48
4/30/2014,13-51-50-09-15-40,13,51,50,9,15,40,9,13,15,40,50,51
5/3/2014,42-02-09-38-45-34,42,2,9,38,45,34,2,9,34,38,42,45
5/5/2014,16-34-26-42-06-52,16,34,26,42,6,52,6,16,26,34,42,52
5/7/2014,53-21-30-15-14-31,53,21,30,15,14,31,14,15,21,30,31,53
5/10/2014,44-40-45-25-21-55,44,40,45,25,21,55,21,25,40,44,45,55
5/12/2014,53-27-14-08-02-54,53,27,14,8,2,54,2,8,14,27,53,54
5/14/2014,50-45-14-36-52-48,50,45,14,36,52,48,14,36,45,48,50,52
5/17/2014,16-42-29-24-27-12,16,42,29,24,27,12,12,16,24,27,29,42
5/19/2014,46-45-32-23-37-47,46,45,32,23,37,47,23,32,37,45,46,47
5/21/2014,54-23-09-52-32-17,54,23,9,52,32,17,9,17,23,32,52,54
5/24/2014,39-54-48-34-17-04,39,54,48,34,17,4,4,17,34,39,48,54
5/26/2014,39-49-14-20-29-23,39,49,14,20,29,23,14,20,23,29,39,49
5/28/2014,07-34-05-48-51-06,7,34,5,48,51,6,5,6,7,34,48,51
5/31/2014,07-46-22-40-12-38,7,46,22,40,12,38,7,12,22,38,40,46
6/2/2014,11-54-18-44-09-36,11,54,18,44,9,36,9,11,18,36,44,54
6/4/2014,11-28-08-33-24-14,11,28,8,33,24,14,8,11,14,24,28,33
6/7/2014,33-03-08-20-36-17,33,3,8,20,36,17,3,8,17,20,33,36
6/9/2014,28-49-33-04-11-14,28,49,33,4,11,14,4,11,14,28,33,49
6/11/2014,16-12-09-54-27-30,16,12,9,54,27,30,9,12,16,27,30,54
6/14/2014,12-17-37-48-43-34,12,17,37,48,43,34,12,17,34,37,43,48
6/16/2014,54-19-02-21-14-44,54,19,2,21,14,44,2,14,19,21,44,54
6/18/2014,02-54-06-32-24-25,2,54,6,32,24,25,2,6,24,25,32,54
6/21/2014,37-41-29-34-52-16,37,41,29,34,52,16,16,29,34,37,41,52
6/23/2014,35-48-02-11-29-46,35,48,2,11,29,46,2,11,29,35,46,48
6/25/2014,26-04-25-33-38-18,26,4,25,33,38,18,4,18,25,26,33,38
6/28/2014,04-52-55-38-46-08,4,52,55,38,46,8,4,8,38,46,52,55
6/30/2014,39-20-19-03-45-07,39,20,19,3,45,7,3,7,19,20,39,45
7/2/2014,51-14-21-04-22-50,51,14,21,4,22,50,4,14,21,22,50,51
7/5/2014,07-45-39-49-01-27,7,45,39,49,1,27,1,7,27,39,45,49
7/7/2014,20-52-24-03-14-36,20,52,24,3,14,36,3,14,20,24,36,52
7/9/2014,25-55-32-31-06-52,25,55,32,31,6,52,6,25,31,32,52,55
7/12/2014,30-11-52-09-05-02,30,11,52,9,5,2,2,5,9,11,30,52
7/14/2014,22-10-16-20-23-08,22,10,16,20,23,8,8,10,16,20,22,23
7/16/2014,23-17-32-13-41-12,23,17,32,13,41,12,12,13,17,23,32,41
7/19/2014,16-30-10-17-21-37,16,30,10,17,21,37,10,16,17,21,30,37
7/21/2014,43-06-37-15-04-24,43,6,37,15,4,24,4,6,15,24,37,43
7/23/2014,37-22-04-39-10-38,37,22,4,39,10,38,4,10,22,37,38,39
7/26/2014,16-18-06-34-40-20,16,18,6,34,40,20,6,16,18,20,34,40
7/28/2014,12-44-27-46-02-26,12,44,27,46,2,26,2,12,26,27,44,46
7/30/2014,29-45-12-35-46-11,29,45,12,35,46,11,11,12,29,35,45,46
8/2/2014,46-35-02-55-24-30,46,35,2,55,24,30,2,24,30,35,46,55
8/4/2014,24-51-41-54-14-27,24,51,41,54,14,27,14,24,27,41,51,54
8/6/2014,07-03-27-44-51-38,7,3,27,44,51,38,3,7,27,38,44,51
8/9/2014,13-29-51-33-11-31,13,29,51,33,11,31,11,13,29,31,33,51
8/11/2014,48-37-35-26-25-17,48,37,35,26,25,17,17,25,26,35,37,48
8/13/2014,07-18-09-39-33-46,7,18,9,39,33,46,7,9,18,33,39,46
8/16/2014,22-52-02-04-46-25,22,52,2,4,46,25,2,4,22,25,46,52
8/18/2014,43-38-31-11-20-45,43,38,31,11,20,45,11,20,31,38,43,45
8/20/2014,26-48-20-47-22-49,26,48,20,47,22,49,20,22,26,47,48,49
8/23/2014,44-21-07-39-34-14,44,21,7,39,34,14,7,14,21,34,39,44
8/25/2014,37-08-32-11-09-38,37,8,32,11,9,38,8,9,11,32,37,38
8/27/2014,27-53-12-52-28-18,27,53,12,52,28,18,12,18,27,28,52,53
8/30/2014,14-11-31-48-33-27,14,11,31,48,33,27,11,14,27,31,33,48
9/1/2014,37-19-06-13-28-25,37,19,6,13,28,25,6,13,19,25,28,37
9/3/2014,37-31-01-53-45-07,37,31,1,53,45,7,1,7,31,37,45,53
9/6/2014,33-09-25-40-22-05,33,9,25,40,22,5,5,9,22,25,33,40
9/8/2014,46-35-45-20-50-13,46,35,45,20,50,13,13,20,35,45,46,50
9/10/2014,26-03-10-09-24-55,26,3,10,9,24,55,3,9,10,24,26,55
9/13/2014,16-30-06-01-26-43,16,30,6,1,26,43,1,6,16,26,30,43
9/15/2014,17-48-54-44-15-28,17,48,54,44,15,28,15,17,28,44,48,54
9/17/2014,17-02-50-48-14-45,17,2,50,48,14,45,2,14,17,45,48,50
9/20/2014,26-50-42-37-30-33,26,50,42,37,30,33,26,30,33,37,42,50
9/22/2014,33-29-25-38-06-11,33,29,25,38,6,11,6,11,25,29,33,38
9/24/2014,07-01-02-48-05-29,7,1,2,48,5,29,1,2,5,7,29,48
9/27/2014,08-42-35-11-17-22,8,42,35,11,17,22,8,11,17,22,35,42
9/29/2014,30-24-49-54-43-51,30,24,49,54,43,51,24,30,43,49,51,54
10/1/2014,53-07-27-06-38-33,53,7,27,6,38,33,6,7,27,33,38,53
10/4/2014,27-24-42-51-23-43,27,24,42,51,23,43,23,24,27,42,43,51
10/6/2014,07-16-51-18-33-22,7,16,51,18,33,22,7,16,18,22,33,51
10/8/2014,50-11-06-13-35-44,50,11,6,13,35,44,6,11,13,35,44,50
10/11/2014,43-37-40-25-01-36,43,37,40,25,1,36,1,25,36,37,40,43
10/13/2014,41-54-50-33-43-55,41,54,50,33,43,55,33,41,43,50,54,55
10/15/2014,13-01-22-16-39-19,13,1,22,16,39,19,1,13,16,19,22,39
10/18/2014,28-20-27-35-05-03,28,20,27,35,5,3,3,5,20,27,28,35
10/20/2014,23-03-07-05-36-45,23,3,7,5,36,45,3,5,7,23,36,45
10/22/2014,52-40-10-08-07-15,52,40,10,8,7,15,7,8,10,15,40,52
10/25/2014,24-12-28-36-21-25,24,12,28,36,21,25,12,21,24,25,28,36
10/27/2014,21-15-39-49-31-46,21,15,39,49,31,46,15,21,31,39,46,49
10/29/2014,34-43-39-54-14-51,34,43,39,54,14,51,14,34,39,43,51,54
11/1/2014,48-29-47-30-02-21,48,29,47,30,2,21,2,21,29,30,47,48
11/3/2014,07-38-14-08-02-19,7,38,14,8,2,19,2,7,8,14,19,38
11/5/2014,17-37-22-42-30-29,17,37,22,42,30,29,17,22,29,30,37,42
11/8/2014,18-15-23-12-44-04,18,15,23,12,44,4,4,12,15,18,23,44
11/10/2014,54-43-19-53-18-12,54,43,19,53,18,12,12,18,19,43,53,54
11/12/2014,37-38-44-06-17-39,37,38,44,6,17,39,6,17,37,38,39,44
11/15/2014,36-52-54-42-03-20,36,52,54,42,3,20,3,20,36,42,52,54
11/17/2014,06-01-18-40-17-12,6,1,18,40,17,12,1,6,12,17,18,40
11/19/2014,42-20-10-04-26-18,42,20,10,4,26,18,4,10,18,20,26,42
11/22/2014,21-32-23-16-34-40,21,32,23,16,34,40,16,21,23,32,34,40
11/24/2014,08-27-26-11-06-29,8,27,26,11,6,29,6,8,11,26,27,29
11/26/2014,30-54-26-09-34-47,30,54,26,9,34,47,9,26,30,34,47,54
11/29/2014,32-05-18-39-48-47,32,5,18,39,48,47,5,18,32,39,47,48
12/1/2014,39-36-33-42-40-20,39,36,33,42,40,20,20,33,36,39,40,42
12/3/2014,46-55-12-18-25-17,46,55,12,18,25,17,12,17,18,25,46,55
12/6/2014,29-20-49-30-40-08,29,20,49,30,40,8,8,20,29,30,40,49
12/8/2014,27-23-09-28-43-41,27,23,9,28,43,41,9,23,27,28,41,43
12/10/2014,38-53-39-18-09-45,38,53,39,18,9,45,9,18,38,39,45,53
12/13/2014,10-11-44-52-53-39,10,11,44,52,53,39,10,11,39,44,52,53
12/15/2014,15-52-29-49-16-18,15,52,29,49,16,18,15,16,18,29,49,52
12/17/2014,53-27-12-37-33-55,53,27,12,37,33,55,12,27,33,37,53,55
12/20/2014,25-48-11-12-23-36,25,48,11,12,23,36,11,12,23,25,36,48
12/22/2014,52-38-55-54-39-26,52,38,55,54,39,26,26,38,39,52,54,55
12/24/2014,08-30-14-38-11-04,8,30,14,38,11,4,4,8,11,14,30,38
12/27/2014,30-44-31-37-34-23,30,44,31,37,34,23,23,30,31,34,37,44
12/29/2014,15-01-05-43-46-22,15,1,5,43,46,22,1,5,15,22,43,46
12/31/2014,34-15-26-13-19-10,34,15,26,13,19,10,10,13,15,19,26,34
1/3/2015,24-20-10-41-22-28,24,20,10,41,22,28,10,20,22,24,28,41
1/5/2015,09-55-05-14-27-31,9,55,5,14,27,31,5,9,14,27,31,55
1/7/2015,40-53-32-28-07-05,40,53,32,28,7,5,5,7,28,32,40,53
1/10/2015,45-18-34-49-35-20,45,18,34,49,35,20,18,20,34,35,45,49
1/12/2015,42-36-54-40-47-51,42,36,54,40,47,51,36,40,42,47,51,54
1/14/2015,24-55-52-04-33-40,24,55,52,4,33,40,4,24,33,40,52,55
1/17/2015,50-47-12-05-48-37,50,47,12,5,48,37,5,12,37,47,48,50
1/19/2015,26-13-47-17-28-16,26,13,47,17,28,16,13,16,17,26,28,47
1/21/2015,46-12-21-23-39-52,46,12,21,23,39,52,12,21,23,39,46,52
1/24/2015,21-38-28-27-44-02,21,38,28,27,44,2,2,21,27,28,38,44
1/26/2015,29-04-50-23-19-30,29,4,50,23,19,30,4,19,23,29,30,50
1/28/2015,09-32-42-14-20-40,9,32,42,14,20,40,9,14,20,32,40,42
1/31/2015,35-55-44-04-11-07,35,55,44,4,11,7,4,7,11,35,44,55
2/2/2015,34-15-27-04-03-39,34,15,27,4,3,39,3,4,15,27,34,39
2/4/2015,54-36-43-41-30-42,54,36,43,41,30,42,30,36,41,42,43,54
2/7/2015,45-11-24-15-02-03,45,11,24,15,2,3,2,3,11,15,24,45
2/9/2015,53-09-06-49-30-48,53,9,6,49,30,48,6,9,30,48,49,53
2/11/2015,19-47-42-38-04-25,19,47,42,38,4,25,4,19,25,38,42,47
2/14/2015,24-12-33-02-18-35,24,12,33,2,18,35,2,12,18,24,33,35
2/16/2015,42-54-22-15-11-49,42,54,22,15,11,49,11,15,22,42,49,54
2/18/2015,06-39-17-50-54-24,6,39,17,50,54,24,6,17,24,39,50,54
2/21/2015,20-46-05-32-40-34,20,46,5,32,40,34,5,20,32,34,40,46
2/23/2015,49-45-15-09-38-01,49,45,15,9,38,1,1,9,15,38,45,49
2/25/2015,10-14-03-08-38-09,10,14,3,8,38,9,3,8,9,10,14,38
2/28/2015,51-27-26-18-09-04,51,27,26,18,9,4,4,9,18,26,27,51
3/2/2015,14-23-32-05-55-20,14,23,32,5,55,20,5,14,20,23,32,55
3/4/2015,10-07-48-19-08-55,10,7,48,19,8,55,7,8,10,19,48,55
3/7/2015,42-02-52-47-11-38,42,2,52,47,11,38,2,11,38,42,47,52
3/9/2015,21-32-33-11-20-26,21,32,33,11,20,26,11,20,21,26,32,33
3/11/2015,52-44-25-06-39-13,52,44,25,6,39,13,6,13,25,39,44,52
3/14/2015,39-41-38-44-14-03,39,41,38,44,14,3,3,14,38,39,41,44
3/16/2015,48-33-52-45-22-49,48,33,52,45,22,49,22,33,45,48,49,52
3/21/2015,26-27-33-02-44-05,26,27,33,2,44,5,2,5,26,27,33,44
3/23/2015,16-24-17-11-44-30,16,24,17,11,44,30,11,16,17,24,30,44
3/25/2015,03-23-09-49-46-53,3,23,9,49,46,53,3,9,23,46,49,53
3/28/2015,54-12-13-42-48-18,54,12,13,42,48,18,12,13,18,42,48,54
3/30/2015,27-28-47-20-40-44,27,28,47,20,40,44,20,27,28,40,44,47
4/1/2015,50-45-22-31-52-27,50,45,22,31,52,27,22,27,31,45,50,52
4/6/2015,22-06-50-17-03-26,22,6,50,17,3,26,3,6,17,22,26,50
4/8/2015,28-40-19-30-32-13,28,40,19,30,32,13,13,19,28,30,32,40
4/11/2015,55-35-30-16-05-12,55,35,30,16,5,12,5,12,16,30,35,55
4/13/2015,04-45-27-16-43-32,4,45,27,16,43,32,4,16,27,32,43,45
4/15/2015,51-09-30-45-54-19,51,9,30,45,54,19,9,19,30,45,51,54
3/18/2015,45-01-55-54-43-15,45,1,55,54,43,15,1,15,43,45,54,55
4/18/2015,51-14-37-44-49-16,51,14,37,44,49,16,14,16,37,44,49,51
4/20/2015,17-55-31-28-12-40,17,55,31,28,12,40,12,17,28,31,40,55
4/22/2015,23-45-44-41-07-38,23,45,44,41,7,38,7,23,38,41,44,45
4/25/2015,18-28-25-53-07-11,18,28,25,53,7,11,7,11,18,25,28,53
4/27/2015,02-26-15-13-22-43,2,26,15,13,22,43,2,13,15,22,26,43
4/29/2015,33-23-02-41-10-24,33,23,2,41,10,24,2,10,23,24,33,41
5/2/2015,31-37-28-49-43-34,31,37,28,49,43,34,28,31,34,37,43,49
5/4/2015,43-36-35-40-24-05,43,36,35,40,24,5,5,24,35,36,40,43
5/6/2015,15-55-49-43-54-01,15,55,49,43,54,1,1,15,43,49,54,55
5/9/2015,18-29-07-08-32-45,18,29,7,8,32,45,7,8,18,29,32,45
5/11/2015,06-02-26-48-35-27,6,2,26,48,35,27,2,6,26,27,35,48
5/13/2015,06-36-46-41-02-01,6,36,46,41,2,1,1,2,6,36,41,46
5/16/2015,22-09-43-14-06-31,22,9,43,14,6,31,6,9,14,22,31,43
5/18/2015,41-23-38-31-52-43,41,23,38,31,52,43,23,31,38,41,43,52
5/20/2015,39-21-12-42-49-48,39,21,12,42,49,48,12,21,39,42,48,49
5/23/2015,40-05-55-35-52-20,40,5,55,35,52,20,5,20,35,40,52,55
5/25/2015,06-44-48-35-54-27,6,44,48,35,54,27,6,27,35,44,48,54
5/27/2015,08-51-54-38-12-40,8,51,54,38,12,40,8,12,38,40,51,54
5/30/2015,42-19-25-18-48-45,42,19,25,18,48,45,18,19,25,42,45,48
6/1/2015,06-26-02-37-23-05,6,26,2,37,23,5,2,5,6,23,26,37
6/3/2015,09-51-26-19-31-39,9,51,26,19,31,39,9,19,26,31,39,51
6/6/2015,24-12-28-38-41-08,24,12,28,38,41,8,8,12,24,28,38,41
6/8/2015,28-20-52-06-40-45,28,20,52,6,40,45,6,20,28,40,45,52
6/10/2015,26-23-46-01-02-22,26,23,46,1,2,22,1,2,22,23,26,46
6/13/2015,44-21-34-17-54-50,44,21,34,17,54,50,17,21,34,44,50,54
6/15/2015,09-11-37-45-20-44,9,11,37,45,20,44,9,11,20,37,44,45
6/17/2015,51-42-49-25-37-17,51,42,49,25,37,17,17,25,37,42,49,51
6/20/2015,35-01-08-27-30-06,35,1,8,27,30,6,1,6,8,27,30,35
6/22/2015,51-13-06-35-08-37,51,13,6,35,8,37,6,8,13,35,37,51
6/24/2015,31-33-13-12-04-27,31,33,13,12,4,27,4,12,13,27,31,33
6/27/2015,02-08-12-52-48-27,2,8,12,52,48,27,2,8,12,27,48,52
6/29/2015,43-41-09-33-52-22,43,41,9,33,52,22,9,22,33,41,43,52
7/1/2015,16-26-34-45-32-04,16,26,34,45,32,4,4,16,26,32,34,45
7/4/2015,22-34-08-01-52-06,22,34,8,1,52,6,1,6,8,22,34,52
7/6/2015,16-07-02-31-42-37,16,7,2,31,42,37,2,7,16,31,37,42
7/8/2015,28-47-36-31-20-37,28,47,36,31,20,37,20,28,31,36,37,47
7/11/2015,37-28-38-32-19-27,37,28,38,32,19,27,19,27,28,32,37,38
7/13/2015,35-49-31-48-12-30,35,49,31,48,12,30,12,30,31,35,48,49
7/15/2015,44-07-47-10-55-49,44,7,47,10,55,49,7,10,44,47,49,55
7/18/2015,23-52-46-03-42-43,23,52,46,3,42,43,3,23,42,43,46,52
7/20/2015,18-05-14-26-53-04,18,5,14,26,53,4,4,5,14,18,26,53
7/22/2015,41-07-43-29-18-17,41,7,43,29,18,17,7,17,18,29,41,43
7/25/2015,30-32-54-42-19-04,30,32,54,42,19,4,4,19,30,32,42,54
7/27/2015,41-39-29-38-30-46,41,39,29,38,30,46,29,30,38,39,41,46
7/29/2015,22-08-31-11-12-46,22,8,31,11,12,46,8,11,12,22,31,46
8/1/2015,08-29-16-26-13-21,8,29,16,26,13,21,8,13,16,21,26,29
8/3/2015,25-30-14-07-10-19,25,30,14,7,10,19,7,10,14,19,25,30
8/5/2015,33-43-17-45-03-36,33,43,17,45,3,36,3,17,33,36,43,45
8/8/2015,26-05-11-53-35-28,26,5,11,53,35,28,5,11,26,28,35,53
8/10/2015,49-01-25-32-04-06,49,1,25,32,4,6,1,4,6,25,32,49
8/12/2015,54-41-36-08-14-15,54,41,36,8,14,15,8,14,15,36,41,54
8/15/2015,03-25-54-24-53-36,3,25,54,24,53,36,3,24,25,36,53,54
8/17/2015,22-12-09-37-35-01,22,12,9,37,35,1,1,9,12,22,35,37
8/19/2015,44-12-34-33-23-02,44,12,34,33,23,2,2,12,23,33,34,44
8/22/2015,37-29-02-27-04-45,37,29,2,27,4,45,2,4,27,29,37,45
8/24/2015,14-18-37-39-53-13,14,18,37,39,53,13,13,14,18,37,39,53
8/26/2015,25-41-27-47-12-02,25,41,27,47,12,2,2,12,25,27,41,47
8/29/2015,47-41-14-24-49-35,47,41,14,24,49,35,14,24,35,41,47,49
8/31/2015,35-14-43-13-53-50,35,14,43,13,53,50,13,14,35,43,50,53
9/2/2015,45-09-30-29-25-08,45,9,30,29,25,8,8,9,25,29,30,45
9/5/2015,29-20-25-08-30-28,29,20,25,8,30,28,8,20,25,28,29,30
9/7/2015,21-54-23-34-48-41,21,54,23,34,48,41,21,23,34,41,48,54
9/9/2015,11-01-14-05-48-28,11,1,14,5,48,28,1,5,11,14,28,48
9/12/2015,13-40-11-04-51-03,13,40,11,4,51,3,3,4,11,13,40,51
9/14/2015,30-27-29-28-16-04,30,27,29,28,16,4,4,16,27,28,29,30
9/16/2015,20-22-29-28-39-34,20,22,29,28,39,34,20,22,28,29,34,39
9/19/2015,54-46-29-13-01-41,54,46,29,13,1,41,1,13,29,41,46,54
9/21/2015,35-43-25-38-12-11,35,43,25,38,12,11,11,12,25,35,38,43
9/23/2015,07-55-08-13-15-21,7,55,8,13,15,21,7,8,13,15,21,55
9/26/2015,12-42-41-32-49-51,12,42,41,32,49,51,12,32,41,42,49,51
9/28/2015,11-51-54-29-55-02,11,51,54,29,55,2,2,11,29,51,54,55
9/30/2015,25-04-31-01-50-33,25,4,31,1,50,33,1,4,25,31,33,50
10/3/2015,20-16-52-31-53-19,20,16,52,31,53,19,16,19,20,31,52,53
10/5/2015,40-48-05-13-52-31,40,48,5,13,52,31,5,13,31,40,48,52
10/7/2015,04-24-26-20-32-49,4,24,26,20,32,49,4,20,24,26,32,49
10/10/2015,42-26-45-18-11-48,42,26,45,18,11,48,11,18,26,42,45,48
10/12/2015,22-38-27-06-25-33,22,38,27,6,25,33,6,22,25,27,33,38
10/14/2015,54-51-19-06-53-27,54,51,19,6,53,27,6,19,27,51,53,54
10/17/2015,35-47-44-24-51-25,35,47,44,24,51,25,24,25,35,44,47,51
10/19/2015,54-08-33-14-46-40,54,8,33,14,46,40,8,14,33,40,46,54
10/21/2015,44-07-14-24-08-02,44,7,14,24,8,2,2,7,8,14,24,44
10/24/2015,48-06-03-32-22-14,48,6,3,32,22,14,3,6,14,22,32,48
10/26/2015,14-08-34-27-45-38,14,8,34,27,45,38,8,14,27,34,38,45
10/28/2015,15-03-41-28-53-30,15,3,41,28,53,30,3,15,28,30,41,53
10/31/2015,21-18-10-51-25-52,21,18,10,51,25,52,10,18,21,25,51,52
11/2/2015,28-41-50-47-44-17,28,41,50,47,44,17,17,28,41,44,47,50
11/4/2015,12-51-27-20-15-05,12,51,27,20,15,5,5,12,15,20,27,51
11/7/2015,05-42-28-17-44-54,5,42,28,17,44,54,5,17,28,42,44,54
11/9/2015,09-33-55-24-43-53,9,33,55,24,43,53,9,24,33,43,53,55
11/11/2015,36-49-47-39-02-42,36,49,47,39,2,42,2,36,39,42,47,49
11/14/2015,25-30-14-44-28-55,25,30,14,44,28,55,14,25,28,30,44,55
11/16/2015,42-30-22-49-14-39,42,30,22,49,14,39,14,22,30,39,42,49
11/18/2015,02-33-20-12-15-16,2,33,20,12,15,16,2,12,15,16,20,33
11/21/2015,41-45-39-24-17-20,41,45,39,24,17,20,17,20,24,39,41,45
11/23/2015,14-09-23-08-46-10,14,9,23,8,46,10,8,9,10,14,23,46
11/25/2015,23-06-54-18-13-49,23,6,54,18,13,49,6,13,18,23,49,54
11/28/2015,01-15-33-31-44-09,1,15,33,31,44,9,1,9,15,31,33,44
11/30/2015,31-52-03-06-25-32,31,52,3,6,25,32,3,6,25,31,32,52
12/2/2015,21-43-42-10-04-31,21,43,42,10,4,31,4,10,21,31,42,43
12/5/2015,19-45-48-49-01-54,19,45,48,49,1,54,1,19,45,48,49,54
12/7/2015,49-54-15-46-42-26,49,54,15,46,42,26,15,26,42,46,49,54
12/9/2015,20-29-22-13-17-39,20,29,22,13,17,39,13,17,20,22,29,39
12/12/2015,37-01-06-09-03-16,37,1,6,9,3,16,1,3,6,9,16,37
12/14/2015,23-10-02-09-13-31,23,10,2,9,13,31,2,9,10,13,23,31
12/16/2015,28-38-53-22-40-29,28,38,53,22,40,29,22,28,29,38,40,53
12/19/2015,27-37-17-49-32-22,27,37,17,49,32,22,17,22,27,32,37,49
12/21/2015,47-13-36-15-12-43,47,13,36,15,12,43,12,13,15,36,43,47
12/23/2015,22-25-02-39-28-49,22,25,2,39,28,49,2,22,25,28,39,49
12/26/2015,30-50-26-45-07-52,30,50,26,45,7,52,7,26,30,45,50,52
12/28/2015,10-26-40-08-05-02,10,26,40,8,5,2,2,5,8,10,26,40
12/30/2015,13-37-10-50-26-47,13,37,10,50,26,47,10,13,26,37,47,50
1/2/2016,43-07-23-32-02-48,43,7,23,32,2,48,2,7,23,32,43,48
1/4/2016,33-55-30-13-31-10,33,55,30,13,31,10,10,13,30,31,33,55
1/6/2016,50-20-31-01-40-14,50,20,31,1,40,14,1,14,20,31,40,50
1/9/2016,24-21-26-05-47-33,24,21,26,5,47,33,5,21,24,26,33,47
1/11/2016,17-35-23-38-44-26,17,35,23,38,44,26,17,23,26,35,38,44
1/13/2016,48-19-29-20-21-49,48,19,29,20,21,49,19,20,21,29,48,49
1/16/2016,42-06-36-04-28-33,42,6,36,4,28,33,4,6,28,33,36,42
1/18/2016,53-47-01-18-39-24,53,47,1,18,39,24,1,18,24,39,47,53
1/20/2016,06-41-40-08-13-27,6,41,40,8,13,27,6,8,13,27,40,41
1/23/2016,28-12-54-03-09-01,28,12,54,3,9,1,1,3,9,12,28,54
1/25/2016,24-13-51-29-35-02,24,13,51,29,35,2,2,13,24,29,35,51
1/27/2016,18-12-32-09-23-50,18,12,32,9,23,50,9,12,18,23,32,50
1/30/2016,06-25-17-09-14-12,6,25,17,9,14,12,6,9,12,14,17,25
2/1/2016,41-12-27-54-29-49,41,12,27,54,29,49,12,27,29,41,49,54
2/3/2016,04-18-21-51-08-17,4,18,21,51,8,17,4,8,17,18,21,51
2/6/2016,55-53-42-32-04-26,55,53,42,32,4,26,4,26,32,42,53,55
2/8/2016,30-11-49-18-25-47,30,11,49,18,25,47,11,18,25,30,47,49
2/10/2016,35-13-54-27-33-36,35,13,54,27,33,36,13,27,33,35,36,54
2/13/2016,16-41-34-13-30-54,16,41,34,13,30,54,13,16,30,34,41,54
2/15/2016,38-39-42-36-15-33,38,39,42,36,15,33,15,33,36,38,39,42
2/17/2016,55-12-33-02-18-03,55,12,33,2,18,3,2,3,12,18,33,55
2/20/2016,42-05-01-52-39-43,42,5,1,52,39,43,1,5,39,42,43,52
2/22/2016,48-09-32-50-38-07,48,9,32,50,38,7,7,9,32,38,48,50
2/24/2016,24-17-08-28-30-18,24,17,8,28,30,18,8,17,18,24,28,30
2/27/2016,15-44-35-14-05-45,15,44,35,14,5,45,5,14,15,35,44,45
2/29/2016,38-51-36-20-48-47,38,51,36,20,48,47,20,36,38,47,48,51
3/2/2016,38-51-08-22-13-29,38,51,8,22,13,29,8,13,22,29,38,51
3/5/2016,08-11-50-38-54-40,8,11,50,38,54,40,8,11,38,40,50,54
3/7/2016,42-36-06-55-41-51,42,36,6,55,41,51,6,36,41,42,51,55
3/9/2016,30-07-21-41-03-42,30,7,21,41,3,42,3,7,21,30,41,42
3/12/2016,05-43-20-12-44-47,5,43,20,12,44,47,5,12,20,43,44,47
3/14/2016,14-10-09-12-28-23,14,10,9,12,28,23,9,10,12,14,23,28
3/16/2016,13-29-30-27-36-06,13,29,30,27,36,6,6,13,27,29,30,36
3/19/2016,49-38-28-26-45-23,49,38,28,26,45,23,23,26,28,38,45,49
3/21/2016,48-35-31-33-16-36,48,35,31,33,16,36,16,31,33,35,36,48
3/23/2016,14-40-20-32-27-10,14,40,20,32,27,10,10,14,20,27,32,40
3/28/2016,46-55-25-30-51-15,46,55,25,30,51,15,15,25,30,46,51,55
3/30/2016,46-51-32-26-53-09,46,51,32,26,53,9,9,26,32,46,51,53
4/2/2016,11-29-22-01-39-40,11,29,22,1,39,40,1,11,22,29,39,40
4/4/2016,53-17-50-09-51-48,53,17,50,9,51,48,9,17,48,50,51,53
4/6/2016,32-02-01-52-17-27,32,2,1,52,17,27,1,2,17,27,32,52
4/9/2016,07-23-02-55-39-19,7,23,2,55,39,19,2,7,19,23,39,55
4/11/2016,15-29-24-51-55-43,15,29,24,51,55,43,15,24,29,43,51,55
4/13/2016,42-07-55-35-44-52,42,7,55,35,44,52,7,35,42,44,52,55
4/16/2016,46-45-18-50-51-38,46,45,18,50,51,38,18,38,45,46,50,51
4/18/2016,50-39-36-23-05-22,50,39,36,23,5,22,5,22,23,36,39,50
4/20/2016,19-10-15-39-44-25,19,10,15,39,44,25,10,15,19,25,39,44
4/23/2016,32-35-25-26-44-17,32,35,25,26,44,17,17,25,26,32,35,44
4/25/2016,04-30-44-37-53-42,4,30,44,37,53,42,4,30,37,42,44,53
4/27/2016,12-10-14-01-28-47,12,10,14,1,28,47,1,10,12,14,28,47
4/30/2016,41-48-39-09-50-14,41,48,39,9,50,14,9,14,39,41,48,50
5/2/2016,35-12-21-01-16-03,35,12,21,1,16,3,1,3,12,16,21,35
5/4/2016,14-20-16-05-22-24,14,20,16,5,22,24,5,14,16,20,22,24
5/7/2016,47-19-02-01-17-04,47,19,2,1,17,4,1,2,4,17,19,47
5/9/2016,52-33-04-02-07-11,52,33,4,2,7,11,2,4,7,11,33,52
5/11/2016,05-14-19-18-43-47,5,14,19,18,43,47,5,14,18,19,43,47
5/14/2016,08-04-15-49-40-10,8,4,15,49,40,10,4,8,10,15,40,49
5/16/2016,10-26-49-34-52-33,10,26,49,34,52,33,10,26,33,34,49,52
5/18/2016,11-07-51-17-53-05,11,7,51,17,53,5,5,7,11,17,51,53
5/21/2016,11-08-53-45-04-32,11,8,53,45,4,32,4,8,11,32,45,53
5/23/2016,12-17-20-15-05-02,12,17,20,15,5,2,2,5,12,15,17,20
5/25/2016,33-12-37-36-32-38,33,12,37,36,32,38,12,32,33,36,37,38
5/28/2016,28-16-06-44-04-39,28,16,6,44,4,39,4,6,16,28,39,44
5/30/2016,43-46-17-30-35-06,43,46,17,30,35,6,6,17,30,35,43,46
6/1/2016,14-07-15-25-43-01,14,7,15,25,43,1,1,7,14,15,25,43
6/4/2016,51-02-29-15-19-39,51,2,29,15,19,39,2,15,19,29,39,51
6/6/2016,28-49-25-24-18-39,28,49,25,24,18,39,18,24,25,28,39,49
6/8/2016,11-17-38-45-20-35,11,17,38,45,20,35,11,17,20,35,38,45
6/11/2016,42-13-33-34-51-02,42,13,33,34,51,2,2,13,33,34,42,51
6/13/2016,29-15-20-44-47-11,29,15,20,44,47,11,11,15,20,29,44,47
6/15/2016,07-06-40-47-29-52,7,6,40,47,29,52,6,7,29,40,47,52
6/18/2016,52-42-48-13-37-09,52,42,48,13,37,9,9,13,37,42,48,52
6/20/2016,19-40-13-30-09-26,19,40,13,30,9,26,9,13,19,26,30,40
6/22/2016,27-42-10-54-31-16,27,42,10,54,31,16,10,16,27,31,42,54
6/25/2016,05-16-53-01-33-04,5,16,53,1,33,4,1,4,5,16,33,53
6/27/2016,28-50-42-53-07-30,28,50,42,53,7,30,7,28,30,42,50,53
6/29/2016,05-10-20-39-12-36,5,10,20,39,12,36,5,10,12,20,36,39
7/2/2016,08-25-05-04-50-45,8,25,5,4,50,45,4,5,8,25,45,50
7/4/2016,44-14-09-26-48-33,44,14,9,26,48,33,9,14,26,33,44,48
7/6/2016,14-23-06-20-39-54,14,23,6,20,39,54,6,14,20,23,39,54
7/9/2016,28-43-31-13-18-02,28,43,31,13,18,2,2,13,18,28,31,43
7/11/2016,17-15-53-30-14-02,17,15,53,30,14,2,2,14,15,17,30,53
7/13/2016,35-38-21-23-24-12,35,38,21,23,24,12,12,21,23,24,35,38
7/16/2016,33-32-51-17-13-03,33,32,51,17,13,3,3,13,17,32,33,51
7/18/2016,05-27-21-45-02-47,5,27,21,45,2,47,2,5,21,27,45,47
7/20/2016,10-07-16-22-44-37,10,7,16,22,44,37,7,10,16,22,37,44
7/23/2016,37-34-19-08-26-25,37,34,19,8,26,25,8,19,25,26,34,37
7/25/2016,15-42-11-31-30-28,15,42,11,31,30,28,11,15,28,30,31,42
7/27/2016,23-44-28-12-04-13,23,44,28,12,4,13,4,12,13,23,28,44
7/30/2016,13-35-24-09-06-53,13,35,24,9,6,53,6,9,13,24,35,53
8/1/2016,15-09-47-20-02-40,15,9,47,20,2,40,2,9,15,20,40,47
8/3/2016,44-02-43-52-31-51,44,2,43,52,31,51,2,31,43,44,51,52
8/6/2016,17-31-38-27-47-36,17,31,38,27,47,36,17,27,31,36,38,47
8/8/2016,16-18-28-13-55-47,16,18,28,13,55,47,13,16,18,28,47,55
8/10/2016,41-25-08-11-29-34,41,25,8,11,29,34,8,11,25,29,34,41
8/13/2016,01-51-06-31-10-48,1,51,6,31,10,48,1,6,10,31,48,51
8/15/2016,25-04-48-28-20-23,25,4,48,28,20,23,4,20,23,25,28,48
8/17/2016,55-16-02-11-50-32,55,16,2,11,50,32,2,11,16,32,50,55
8/20/2016,46-32-20-04-26-51,46,32,20,4,26,51,4,20,26,32,46,51
8/22/2016,55-37-08-15-27-47,55,37,8,15,27,47,8,15,27,37,47,55
8/24/2016,45-20-13-26-02-43,45,20,13,26,2,43,2,13,20,26,43,45
8/27/2016,47-16-42-22-43-50,47,16,42,22,43,50,16,22,42,43,47,50
8/29/2016,11-14-37-44-20-38,11,14,37,44,20,38,11,14,20,37,38,44
8/31/2016,43-12-35-48-07-28,43,12,35,48,7,28,7,12,28,35,43,48
9/3/2016,33-23-12-41-35-01,33,23,12,41,35,1,1,12,23,33,35,41
9/5/2016,06-17-05-54-45-29,6,17,5,54,45,29,5,6,17,29,45,54
9/7/2016,24-36-29-49-22-53,24,36,29,49,22,53,22,24,29,36,49,53
9/10/2016,47-19-55-23-38-06,47,19,55,23,38,6,6,19,23,38,47,55
9/12/2016,27-03-44-33-39-19,27,3,44,33,39,19,3,19,27,33,39,44
9/14/2016,16-31-41-19-09-08,16,31,41,19,9,8,8,9,16,19,31,41
9/17/2016,24-53-33-17-51-22,24,53,33,17,51,22,17,22,24,33,51,53
9/19/2016,47-31-43-39-23-26,47,31,43,39,23,26,23,26,31,39,43,47
9/21/2016,42-19-45-03-41-49,42,19,45,3,41,49,3,19,41,42,45,49
9/24/2016,49-16-27-24-28-35,49,16,27,24,28,35,16,24,27,28,35,49
9/26/2016,08-16-37-29-31-22,8,16,37,29,31,22,8,16,22,29,31,37
9/28/2016,18-17-46-47-14-54,18,17,46,47,14,54,14,17,18,46,47,54
10/1/2016,35-22-11-42-20-03,35,22,11,42,20,3,3,11,20,22,35,42
10/3/2016,34-09-27-44-20-12,34,9,27,44,20,12,9,12,20,27,34,44
10/5/2016,25-40-54-21-51-15,25,40,54,21,51,15,15,21,25,40,51,54
10/8/2016,48-49-18-52-33-14,48,49,18,52,33,14,14,18,33,48,49,52
10/10/2016,53-33-11-21-49-41,53,33,11,21,49,41,11,21,33,41,49,53
10/12/2016,17-23-19-10-03-46,17,23,19,10,3,46,3,10,17,19,23,46
10/15/2016,05-03-52-34-13-53,5,3,52,34,13,53,3,5,13,34,52,53
10/17/2016,44-36-07-12-11-15,44,36,7,12,11,15,7,11,12,15,36,44
10/19/2016,15-46-22-28-36-44,15,46,22,28,36,44,15,22,28,36,44,46
10/22/2016,34-15-47-13-04-53,34,15,47,13,4,53,4,13,15,34,47,53
10/24/2016,38-31-51-33-49-47,38,31,51,33,49,47,31,33,38,47,49,51
10/26/2016,30-47-32-20-05-21,30,47,32,20,5,21,5,20,21,30,32,47
10/29/2016,33-14-46-05-38-23,33,14,46,5,38,23,5,14,23,33,38,46
10/31/2016,19-07-44-04-12-27,19,7,44,4,12,27,4,7,12,19,27,44
11/2/2016,12-20-45-04-55-29,12,20,45,4,55,29,4,12,20,29,45,55
11/5/2016,07-16-02-23-36-30,7,16,2,23,36,30,2,7,16,23,30,36
11/7/2016,47-30-21-15-22-43,47,30,21,15,22,43,15,21,22,30,43,47
11/9/2016,44-52-33-40-03-05,44,52,33,40,3,5,3,5,33,40,44,52
11/12/2016,03-13-52-43-38-54,3,13,52,43,38,54,3,13,38,43,52,54
11/14/2016,39-43-45-30-14-12,39,43,45,30,14,12,12,14,30,39,43,45
11/16/2016,36-07-47-20-52-18,36,7,47,20,52,18,7,18,20,36,47,52
11/19/2016,54-13-41-31-18-21,54,13,41,31,18,21,13,18,21,31,41,54
11/21/2016,05-44-37-11-34-19,5,44,37,11,34,19,5,11,19,34,37,44
11/23/2016,15-03-46-22-05-19,15,3,46,22,5,19,3,5,15,19,22,46
11/26/2016,06-34-19-20-38-07,6,34,19,20,38,7,6,7,19,20,34,38
11/28/2016,26-03-33-48-34-10,26,3,33,48,34,10,3,10,26,33,34,48
11/30/2016,27-16-10-33-46-55,27,16,10,33,46,55,10,16,27,33,46,55
12/3/2016,41-32-02-48-31-35,41,32,2,48,31,35,2,31,32,35,41,48
12/5/2016,38-01-13-52-35-45,38,1,13,52,35,45,1,13,35,38,45,52
12/7/2016,36-30-18-37-28-31,36,30,18,37,28,31,18,28,30,31,36,37
12/10/2016,54-08-29-47-55-27,54,8,29,47,55,27,8,27,29,47,54,55
12/12/2016,10-21-18-04-47-03,10,21,18,4,47,3,3,4,10,18,21,47
12/14/2016,07-27-17-11-32-49,7,27,17,11,32,49,7,11,17,27,32,49
12/17/2016,48-38-04-33-12-21,48,38,4,33,12,21,4,12,21,33,38,48
12/19/2016,54-45-05-47-18-55,54,45,5,47,18,55,5,18,45,47,54,55
12/21/2016,27-08-44-49-14-40,27,8,44,49,14,40,8,14,27,40,44,49
12/24/2016,35-23-15-55-28-41,35,23,15,55,28,41,15,23,28,35,41,55
12/26/2016,12-53-43-40-52-17,12,53,43,40,52,17,12,17,40,43,52,53
12/28/2016,51-35-50-30-17-02,51,35,50,30,17,2,2,17,30,35,50,51
12/31/2016,33-31-29-26-14-54,33,31,29,26,14,54,14,26,29,31,33,54
1/2/2017,18-29-35-16-05-47,18,29,35,16,5,47,5,16,18,29,35,47
1/4/2017,05-42-38-37-03-46,5,42,38,37,3,46,3,5,37,38,42,46
1/7/2017,34-20-40-04-18-42,34,20,40,4,18,42,4,18,20,34,40,42
1/9/2017,47-14-03-49-48-30,47,14,3,49,48,30,3,14,30,47,48,49
1/11/2017,50-47-35-08-38-44,50,47,35,8,38,44,8,35,38,44,47,50
1/14/2017,27-36-28-19-54-23,27,36,28,19,54,23,19,23,27,28,36,54
1/16/2017,11-49-24-01-43-50,11,49,24,1,43,50,1,11,24,43,49,50
1/18/2017,45-27-37-43-06-39,45,27,37,43,6,39,6,27,37,39,43,45
1/21/2017,52-17-20-43-15-19,52,17,20,43,15,19,15,17,19,20,43,52
1/23/2017,18-47-39-22-10-23,18,47,39,22,10,23,10,18,22,23,39,47
1/25/2017,26-06-46-36-11-15,26,6,46,36,11,15,6,11,15,26,36,46
1/28/2017,51-38-40-32-36-10,51,38,40,32,36,10,10,32,36,38,40,51
1/30/2017,16-22-04-52-49-51,16,22,4,52,49,51,4,16,22,49,51,52
2/1/2017,52-45-32-36-34-31,52,45,32,36,34,31,31,32,34,36,45,52
2/4/2017,05-25-10-49-39-01,5,25,10,49,39,1,1,5,10,25,39,49
2/6/2017,49-50-39-23-21-19,49,50,39,23,21,19,19,21,23,39,49,50
2/8/2017,21-30-34-08-38-52,21,30,34,8,38,52,8,21,30,34,38,52
2/11/2017,33-35-26-55-20-25,33,35,26,55,20,25,20,25,26,33,35,55
2/13/2017,40-36-38-13-07-34,40,36,38,13,7,34,7,13,34,36,38,40
2/15/2017,40-23-13-38-27-25,40,23,13,38,27,25,13,23,25,27,38,40
2/18/2017,09-18-13-52-50-11,9,18,13,52,50,11,9,11,13,18,50,52
2/20/2017,54-06-15-22-46-09,54,6,15,22,46,9,6,9,15,22,46,54
2/22/2017,42-04-27-12-14-19,42,4,27,12,14,19,4,12,14,19,27,42
2/25/2017,51-16-33-34-41-12,51,16,33,34,41,12,12,16,33,34,41,51
2/27/2017,45-52-47-38-03-17,45,52,47,38,3,17,3,17,38,45,47,52
3/1/2017,23-16-24-50-53-38,23,16,24,50,53,38,16,23,24,38,50,53
3/4/2017,05-01-16-06-03-07,5,1,16,6,3,7,1,3,5,6,7,16
3/6/2017,35-55-51-46-11-28,35,55,51,46,11,28,11,28,35,46,51,55
3/8/2017,32-48-42-01-25-55,32,48,42,1,25,55,1,25,32,42,48,55
3/11/2017,45-16-52-06-43-11,45,16,52,6,43,11,6,11,16,43,45,52
3/13/2017,17-21-05-09-42-27,17,21,5,9,42,27,5,9,17,21,27,42
3/15/2017,16-42-20-01-24-43,16,42,20,1,24,43,1,16,20,24,42,43
3/18/2017,08-17-23-40-52-06,8,17,23,40,52,6,6,8,17,23,40,52
3/20/2017,02-06-38-36-30-07,2,6,38,36,30,7,2,6,7,30,36,38
3/22/2017,47-38-22-25-28-15,47,38,22,25,28,15,15,22,25,28,38,47
3/25/2017,19-45-34-24-11-04,19,45,34,24,11,4,4,11,19,24,34,45
3/27/2017,16-32-44-38-13-10,16,32,44,38,13,10,10,13,16,32,38,44
3/29/2017,13-23-53-49-12-34,13,23,53,49,12,34,12,13,23,34,49,53
4/1/2017,51-27-39-52-02-03,51,27,39,52,2,3,2,3,27,39,51,52
4/3/2017,38-40-44-30-15-25,38,40,44,30,15,25,15,25,30,38,40,44
4/5/2017,52-53-37-21-36-45,52,53,37,21,36,45,21,36,37,45,52,53
4/8/2017,40-30-29-09-41-03,40,30,29,9,41,3,3,9,29,30,40,41
4/10/2017,02-01-09-10-37-54,2,1,9,10,37,54,1,2,9,10,37,54
4/12/2017,27-41-26-21-18-09,27,41,26,21,18,9,9,18,21,26,27,41
4/17/2017,41-49-16-13-33-30,41,49,16,13,33,30,13,16,30,33,41,49
4/19/2017,35-27-49-33-23-18,35,27,49,33,23,18,18,23,27,33,35,49
4/22/2017,34-42-08-15-23-20,34,42,8,15,23,20,8,15,20,23,34,42
4/24/2017,12-01-09-02-06-05,12,1,9,2,6,5,1,2,5,6,9,12
4/26/2017,43-30-26-55-32-02,43,30,26,55,32,2,2,26,30,32,43,55
4/29/2017,04-49-51-43-15-29,4,49,51,43,15,29,4,15,29,43,49,51
5/1/2017,34-21-53-29-20-12,34,21,53,29,20,12,12,20,21,29,34,53
5/3/2017,27-30-29-49-47-01,27,30,29,49,47,1,1,27,29,30,47,49
5/6/2017,44-02-23-18-04-22,44,2,23,18,4,22,2,4,18,22,23,44
5/8/2017,15-28-40-39-21-29,15,28,40,39,21,29,15,21,28,29,39,40
5/10/2017,44-52-07-06-11-42,44,52,7,6,11,42,6,7,11,42,44,52
5/13/2017,23-35-21-36-11-08,23,35,21,36,11,8,8,11,21,23,35,36
5/15/2017,50-07-18-51-12-38,50,7,18,51,12,38,7,12,18,38,50,51
5/17/2017,25-35-29-01-44-02,25,35,29,1,44,2,1,2,25,29,35,44
5/20/2017,25-43-04-40-55-51,25,43,4,40,55,51,4,25,40,43,51,55
5/22/2017,17-27-08-44-52-55,17,27,8,44,52,55,8,17,27,44,52,55
5/24/2017,34-33-38-52-07-37,34,33,38,52,7,37,7,33,34,37,38,52
5/27/2017,47-19-32-23-20-55,47,19,32,23,20,55,19,20,23,32,47,55
5/29/2017,44-16-19-49-05-32,44,16,19,49,5,32,5,16,19,32,44,49
5/31/2017,08-01-27-15-46-33,8,1,27,15,46,33,1,8,15,27,33,46
6/3/2017,16-38-41-32-13-28,16,38,41,32,13,28,13,16,28,32,38,41
6/5/2017,10-31-40-12-37-35,10,31,40,12,37,35,10,12,31,35,37,40
6/7/2017,29-40-28-38-55-37,29,40,28,38,55,37,28,29,37,38,40,55
6/10/2017,06-52-34-35-23-08,6,52,34,35,23,8,6,8,23,34,35,52
6/12/2017,54-07-41-32-39-06,54,7,41,32,39,6,6,7,32,39,41,54
6/14/2017,35-02-01-51-24-47,35,2,1,51,24,47,1,2,24,35,47,51
6/17/2017,22-12-54-05-08-19,22,12,54,5,8,19,5,8,12,19,22,54
6/19/2017,36-13-54-48-27-20,36,13,54,48,27,20,13,20,27,36,48,54
6/21/2017,42-25-31-16-44-09,42,25,31,16,44,9,9,16,25,31,42,44
6/24/2017,52-38-20-05-06-21,52,38,20,5,6,21,5,6,20,21,38,52
6/26/2017,15-54-44-35-49-06,15,54,44,35,49,6,6,15,35,44,49,54
6/28/2017,14-43-09-02-29-49,14,43,9,2,29,49,2,9,14,29,43,49
7/1/2017,19-26-54-27-09-25,19,26,54,27,9,25,9,19,25,26,27,54
7/3/2017,12-34-25-47-36-35,12,34,25,47,36,35,12,25,34,35,36,47
7/5/2017,18-50-10-33-34-54,18,50,10,33,34,54,10,18,33,34,50,54
7/8/2017,38-40-25-52-26-03,38,40,25,52,26,3,3,25,26,38,40,52
7/10/2017,38-36-53-40-08-48,38,36,53,40,8,48,8,36,38,40,48,53
7/12/2017,48-16-53-13-14-18,48,16,53,13,14,18,13,14,16,18,48,53
7/15/2017,28-23-36-49-43-19,28,23,36,49,43,19,19,23,28,36,43,49
7/17/2017,10-52-44-26-24-13,10,52,44,26,24,13,10,13,24,26,44,52
7/19/2017,02-11-04-43-55-33,2,11,4,43,55,33,2,4,11,33,43,55
7/22/2017,44-26-29-32-38-13,44,26,29,32,38,13,13,26,29,32,38,44
7/24/2017,26-48-47-08-34-20,26,48,47,8,34,20,8,20,26,34,47,48
7/26/2017,55-18-42-38-11-12,55,18,42,38,11,12,11,12,18,38,42,55
7/29/2017,51-25-11-37-18-38,51,25,11,37,18,38,11,18,25,37,38,51
7/31/2017,03-44-02-16-46-33,3,44,2,16,46,33,2,3,16,33,44,46
8/2/2017,02-28-06-27-15-20,2,28,6,27,15,20,2,6,15,20,27,28
8/5/2017,47-03-01-19-28-52,47,3,1,19,28,52,1,3,19,28,47,52
8/7/2017,18-11-20-44-55-33,18,11,20,44,55,33,11,18,20,33,44,55
8/9/2017,20-01-06-15-11-07,20,1,6,15,11,7,1,6,7,11,15,20
8/12/2017,25-49-54-39-20-15,25,49,54,39,20,15,15,20,25,39,49,54
8/14/2017,24-09-03-27-46-41,24,9,3,27,46,41,3,9,24,27,41,46
8/16/2017,48-50-05-55-25-22,48,50,5,55,25,22,5,22,25,48,50,55
8/19/2017,03-44-25-07-55-52,3,44,25,7,55,52,3,7,25,44,52,55
8/21/2017,40-06-17-34-30-43,40,6,17,34,30,43,6,17,30,34,40,43
8/23/2017,30-02-08-33-41-06,30,2,8,33,41,6,2,6,8,30,33,41
8/26/2017,31-54-45-08-49-37,31,54,45,8,49,37,8,31,37,45,49,54
8/28/2017,20-47-17-48-40-10,20,47,17,48,40,10,10,17,20,40,47,48
8/30/2017,17-10-06-03-11-27,17,10,6,3,11,27,3,6,10,11,17,27
9/2/2017,31-16-17-45-50-11,31,16,17,45,50,11,11,16,17,31,45,50
9/4/2017,22-49-06-25-54-53,22,49,6,25,54,53,6,22,25,49,53,54
9/6/2017,18-55-38-37-16-14,18,55,38,37,16,14,14,16,18,37,38,55
9/9/2017,22-33-42-11-36-27,22,33,42,11,36,27,11,22,27,33,36,42
9/11/2017,22-24-34-51-55-37,22,24,34,51,55,37,22,24,34,37,51,55
9/13/2017,03-33-41-18-07-20,3,33,41,18,7,20,3,7,18,20,33,41
9/16/2017,13-02-23-55-10-49,13,2,23,55,10,49,2,10,13,23,49,55
9/18/2017,34-37-17-39-04-13,34,37,17,39,4,13,4,13,17,34,37,39
9/20/2017,09-19-46-27-43-48,9,19,46,27,43,48,9,19,27,43,46,48
9/23/2017,07-04-14-26-52-29,7,4,14,26,52,29,4,7,14,26,29,52
9/25/2017,14-55-51-36-16-03,14,55,51,36,16,3,3,14,16,36,51,55
9/27/2017,51-16-41-48-01-34,51,16,41,48,1,34,1,16,34,41,48,51
9/30/2017,22-55-35-33-37-15,22,55,35,33,37,15,15,22,33,35,37,55
10/2/2017,22-11-35-05-25-42,22,11,35,5,25,42,5,11,22,25,35,42
10/4/2017,54-19-03-24-17-39,54,19,3,24,17,39,3,17,19,24,39,54
10/7/2017,34-07-18-15-41-47,34,7,18,15,41,47,7,15,18,34,41,47
10/9/2017,07-16-40-31-05-22,7,16,40,31,5,22,5,7,16,22,31,40
10/11/2017,30-24-37-54-15-14,30,24,37,54,15,14,14,15,24,30,37,54
10/14/2017,46-28-44-52-06-04,46,28,44,52,6,4,4,6,28,44,46,52
10/16/2017,18-33-28-21-23-22,18,33,28,21,23,22,18,21,22,23,28,33
10/18/2017,51-03-02-42-41-11,51,3,2,42,41,11,2,3,11,41,42,51
10/21/2017,25-11-28-06-38-55,25,11,28,6,38,55,6,11,25,28,38,55
10/23/2017,23-18-13-20-54-12,23,18,13,20,54,12,12,13,18,20,23,54
10/25/2017,15-29-24-42-52-34,15,29,24,42,52,34,15,24,29,34,42,52
10/28/2017,19-16-23-09-06-11,19,16,23,9,6,11,6,9,11,16,19,23
10/30/2017,11-24-22-20-48-36,11,24,22,20,48,36,11,20,22,24,36,48
11/1/2017,33-06-21-04-43-18,33,6,21,4,43,18,4,6,18,21,33,43
11/4/2017,38-06-23-17-46-36,38,6,23,17,46,36,6,17,23,36,38,46
11/6/2017,17-26-45-28-43-19,17,26,45,28,43,19,17,19,26,28,43,45
11/8/2017,25-30-54-53-40-34,25,30,54,53,40,34,25,30,34,40,53,54
11/11/2017,11-19-35-41-10-05,11,19,35,41,10,5,5,10,11,19,35,41
11/13/2017,20-01-36-52-03-29,20,1,36,52,3,29,1,3,20,29,36,52
11/15/2017,29-09-25-37-21-20,29,9,25,37,21,20,9,20,21,25,29,37
11/18/2017,17-52-50-09-33-46,17,52,50,9,33,46,9,17,33,46,50,52
11/20/2017,15-50-42-35-05-17,15,50,42,35,5,17,5,15,17,35,42,50
11/22/2017,17-44-01-03-49-41,17,44,1,3,49,41,1,3,17,41,44,49
11/25/2017,50-05-22-15-01-39,50,5,22,15,1,39,1,5,15,22,39,50
11/27/2017,52-17-20-27-46-54,52,17,20,27,46,54,17,20,27,46,52,54
11/29/2017,45-53-32-41-27-11,45,53,32,41,27,11,11,27,32,41,45,53
12/2/2017,37-35-45-11-24-22,37,35,45,11,24,22,11,22,24,35,37,45
12/4/2017,33-22-08-42-01-10,33,22,8,42,1,10,1,8,10,22,33,42
12/6/2017,48-54-12-18-52-10,48,54,12,18,52,10,10,12,18,48,52,54
12/9/2017,37-33-51-28-55-07,37,33,51,28,55,7,7,28,33,37,51,55
12/11/2017,20-09-22-08-33-13,20,9,22,8,33,13,8,9,13,20,22,33
12/13/2017,24-12-07-23-43-50,24,12,7,23,43,50,7,12,23,24,43,50
12/16/2017,47-45-26-09-50-03,47,45,26,9,50,3,3,9,26,45,47,50
12/18/2017,38-44-22-02-48-31,38,44,22,2,48,31,2,22,31,38,44,48
12/20/2017,51-29-20-14-12-07,51,29,20,14,12,7,7,12,14,20,29,51
12/23/2017,03-13-11-25-04-18,3,13,11,25,4,18,3,4,11,13,18,25
12/27/2017,25-21-26-41-29-09,25,21,26,41,29,9,9,21,25,26,29,41
12/30/2017,26-23-03-34-48-05,26,23,3,34,48,5,3,5,23,26,34,48
1/3/2018,29-16-05-25-12-30,29,16,5,25,12,30,5,12,16,25,29,30
1/6/2018,42-51-03-49-47-21,42,51,3,49,47,21,3,21,42,47,49,51
1/8/2018,32-44-51-36-07-39,32,44,51,36,7,39,7,32,36,39,44,51
1/10/2018,27-51-47-09-12-01,27,51,47,9,12,1,1,9,12,27,47,51
1/13/2018,21-37-54-15-49-11,21,37,54,15,49,11,11,15,21,37,49,54
1/15/2018,48-20-31-41-01-40,48,20,31,41,1,40,1,20,31,40,41,48
1/17/2018,25-30-22-05-40-41,25,30,22,5,40,41,5,22,25,30,40,41
1/20/2018,23-10-52-51-03-09,23,10,52,51,3,9,3,9,10,23,51,52
1/22/2018,39-05-21-54-18-13,39,5,21,54,18,13,5,13,18,21,39,54
1/24/2018,27-28-48-34-55-43,27,28,48,34,55,43,27,28,34,43,48,55
1/27/2018,11-49-12-20-45-02,11,49,12,20,45,2,2,11,12,20,45,49
1/29/2018,55-52-17-37-26-45,55,52,17,37,26,45,17,26,37,45,52,55
1/31/2018,09-52-45-21-13-05,9,52,45,21,13,5,5,9,13,21,45,52
2/3/2018,01-13-46-39-45-30,1,13,46,39,45,30,1,13,30,39,45,46
2/5/2018,19-30-54-36-28-14,19,30,54,36,28,14,14,19,28,30,36,54
2/7/2018,53-05-29-44-10-07,53,5,29,44,10,7,5,7,10,29,44,53
2/10/2018,05-32-28-11-35-31,5,32,28,11,35,31,5,11,28,31,32,35
2/12/2018,10-05-42-49-23-06,10,5,42,49,23,6,5,6,10,23,42,49
2/14/2018,54-25-19-47-09-50,54,25,19,47,9,50,9,19,25,47,50,54
2/17/2018,55-05-44-42-18-24,55,5,44,42,18,24,5,18,24,42,44,55
2/19/2018,16-34-19-24-02-18,16,34,19,24,2,18,2,16,18,19,24,34
2/21/2018,04-43-36-23-02-38,4,43,36,23,2,38,2,4,23,36,38,43
2/24/2018,04-44-33-16-22-53,4,44,33,16,22,53,4,16,22,33,44,53
2/26/2018,29-35-03-02-34-08,29,35,3,2,34,8,2,3,8,29,34,35
2/28/2018,47-27-07-05-38-28,47,27,7,5,38,28,5,7,27,28,38,47
3/3/2018,47-07-39-54-05-28,47,7,39,54,5,28,5,7,28,39,47,54
3/5/2018,18-07-33-03-09-14,18,7,33,3,9,14,3,7,9,14,18,33
3/7/2018,35-10-23-28-24-06,35,10,23,28,24,6,6,10,23,24,28,35
3/12/2018,38-12-41-11-15-52,38,12,41,11,15,52,11,12,15,38,41,52
3/10/2018,15-18-10-52-09-28,15,18,10,52,9,28,9,10,15,18,28,52
3/14/2018,12-23-28-55-14-13,12,23,28,55,14,13,12,13,14,23,28,55
3/17/2018,03-30-07-36-10-32,3,30,7,36,10,32,3,7,10,30,32,36
3/19/2018,26-15-07-31-49-05,26,15,7,31,49,5,5,7,15,26,31,49
3/21/2018,38-16-52-54-46-42,38,16,52,54,46,42,16,38,42,46,52,54
3/24/2018,20-05-33-16-41-08,20,5,33,16,41,8,5,8,16,20,33,41
3/26/2018,44-50-21-47-12-13,44,50,21,47,12,13,12,13,21,44,47,50
3/28/2018,42-48-30-03-12-20,42,48,30,3,12,20,3,12,20,30,42,48
4/2/2018,05-08-35-52-03-14,5,8,35,52,3,14,3,5,8,14,35,52
4/4/2018,37-01-41-23-17-44,37,1,41,23,17,44,1,17,23,37,41,44
4/7/2018,11-05-31-33-43-51,11,5,31,33,43,51,5,11,31,33,43,51
4/9/2018,25-32-28-09-36-44,25,32,28,9,36,44,9,25,28,32,36,44
4/11/2018,23-34-14-04-28-35,23,34,14,4,28,35,4,14,23,28,34,35
4/14/2018,45-21-18-53-12-37,45,21,18,53,12,37,12,18,21,37,45,53
4/16/2018,33-36-46-04-47-13,33,36,46,4,47,13,4,13,33,36,46,47
4/18/2018,03-02-24-27-21-10,3,2,24,27,21,10,2,3,10,21,24,27
4/21/2018,26-35-54-48-34-33,26,35,54,48,34,33,26,33,34,35,48,54
4/23/2018,48-54-49-20-32-22,48,54,49,20,32,22,20,22,32,48,49,54
4/25/2018,13-42-43-44-15-35,13,42,43,44,15,35,13,15,35,42,43,44
4/28/2018,01-51-34-21-30-18,1,51,34,21,30,18,1,18,21,30,34,51
4/30/2018,46-03-04-22-38-28,46,3,4,22,38,28,3,4,22,28,38,46
5/2/2018,36-30-17-07-43-50,36,30,17,7,43,50,7,17,30,36,43,50
5/5/2018,54-21-44-36-11-38,54,21,44,36,11,38,11,21,36,38,44,54
5/7/2018,40-53-24-21-52-01,40,53,24,21,52,1,1,21,24,40,52,53
5/9/2018,31-42-23-34-27-30,31,42,23,34,27,30,23,27,30,31,34,42
5/12/2018,30-26-39-03-47-10,30,26,39,3,47,10,3,10,26,30,39,47
5/14/2018,07-33-03-08-32-25,7,33,3,8,32,25,3,7,8,25,32,33
5/16/2018,39-38-10-34-46-12,39,38,10,34,46,12,10,12,34,38,39,46
5/19/2018,12-55-10-05-43-19,12,55,10,5,43,19,5,10,12,19,43,55
5/21/2018,30-27-18-43-26-11,30,27,18,43,26,11,11,18,26,27,30,43
5/23/2018,20-49-50-39-24-47,20,49,50,39,24,47,20,24,39,47,49,50
5/26/2018,31-40-28-44-05-41,31,40,28,44,5,41,5,28,31,40,41,44
5/28/2018,05-23-07-46-28-42,5,23,7,46,28,42,5,7,23,28,42,46
5/30/2018,14-39-09-53-15-55,14,39,9,53,15,55,9,14,15,39,53,55
6/2/2018,41-42-35-37-16-49,41,42,35,37,16,49,16,35,37,41,42,49
6/4/2018,44-46-10-21-41-27,44,46,10,21,41,27,10,21,27,41,44,46
6/6/2018,02-26-19-17-01-23,2,26,19,17,1,23,1,2,17,19,23,26
6/9/2018,41-10-38-47-26-19,41,10,38,47,26,19,10,19,26,38,41,47
6/11/2018,11-19-48-06-23-20,11,19,48,6,23,20,6,11,19,20,23,48
6/13/2018,29-20-42-41-48-55,29,20,42,41,48,55,20,29,41,42,48,55
6/16/2018,20-15-25-33-30-09,20,15,25,33,30,9,9,15,20,25,30,33
6/18/2018,48-41-39-08-09-27,48,41,39,8,9,27,8,9,27,39,41,48
6/20/2018,02-27-19-18-34-12,2,27,19,18,34,12,2,12,18,19,27,34
6/23/2018,29-48-52-19-55-05,29,48,52,19,55,5,5,19,29,48,52,55
6/25/2018,24-50-06-40-22-44,24,50,6,40,22,44,6,22,24,40,44,50
6/27/2018,20-14-48-03-12-40,20,14,48,3,12,40,3,12,14,20,40,48
6/30/2018,09-18-10-02-12-24,9,18,10,2,12,24,2,9,10,12,18,24
7/2/2018,15-45-22-03-35-17,15,45,22,3,35,17,3,15,17,22,35,45
7/4/2018,16-07-21-28-49-14,16,7,21,28,49,14,7,14,16,21,28,49
7/7/2018,09-24-46-27-38-22,9,24,46,27,38,22,9,22,24,27,38,46
7/9/2018,45-13-34-20-31-04,45,13,34,20,31,4,4,13,20,31,34,45
7/11/2018,09-24-54-18-05-30,9,24,54,18,5,30,5,9,18,24,30,54
7/14/2018,14-44-37-19-09-43,14,44,37,19,9,43,9,14,19,37,43,44
7/16/2018,33-10-25-30-53-34,33,10,25,30,53,34,10,25,30,33,34,53
7/18/2018,04-35-48-45-23-31,4,35,48,45,23,31,4,23,31,35,45,48
7/21/2018,22-21-37-24-19-03,22,21,37,24,19,3,3,19,21,22,24,37
7/23/2018,02-48-42-17-41-29,2,48,42,17,41,29,2,17,29,41,42,48
7/25/2018,16-45-48-20-35-24,16,45,48,20,35,24,16,20,24,35,45,48
7/28/2018,27-19-50-13-51-41,27,19,50,13,51,41,13,19,27,41,50,51
7/30/2018,40-15-22-03-13-55,40,15,22,3,13,55,3,13,15,22,40,55
8/1/2018,30-09-52-54-50-29,30,9,52,54,50,29,9,29,30,50,52,54
8/4/2018,47-16-24-06-35-25,47,16,24,6,35,25,6,16,24,25,35,47
8/6/2018,15-11-12-27-08-43,15,11,12,27,8,43,8,11,12,15,27,43
8/8/2018,18-30-35-38-10-41,18,30,35,38,10,41,10,18,30,35,38,41
8/11/2018,38-49-05-40-10-47,38,49,5,40,10,47,5,10,38,40,47,49
8/13/2018,31-01-52-06-36-34,31,1,52,6,36,34,1,6,31,34,36,52
8/15/2018,14-54-07-09-51-10,14,54,7,9,51,10,7,9,10,14,51,54
8/18/2018,29-54-35-14-19-27,29,54,35,14,19,27,14,19,27,29,35,54
8/20/2018,44-54-08-20-28-30,44,54,8,20,28,30,8,20,28,30,44,54
8/22/2018,01-26-47-42-19-17,1,26,47,42,19,17,1,17,19,26,42,47
8/25/2018,24-55-45-46-02-13,24,55,45,46,2,13,2,13,24,45,46,55
8/27/2018,53-49-34-18-27-16,53,49,34,18,27,16,16,18,27,34,49,53
8/29/2018,37-49-28-12-32-10,37,49,28,12,32,10,10,12,28,32,37,49
9/1/2018,16-28-29-20-30-26,16,28,29,20,30,26,16,20,26,28,29,30
9/3/2018,37-55-48-54-31-15,37,55,48,54,31,15,15,31,37,48,54,55
9/5/2018,27-26-47-02-29-05,27,26,47,2,29,5,2,5,26,27,29,47
9/8/2018,22-46-29-49-05-23,22,46,29,49,5,23,5,22,23,29,46,49
9/10/2018,54-05-48-37-33-16,54,5,48,37,33,16,5,16,33,37,48,54
9/12/2018,03-36-52-20-26-33,3,36,52,20,26,33,3,20,26,33,36,52
9/15/2018,37-32-39-43-55-38,37,32,39,43,55,38,32,37,38,39,43,55
9/17/2018,19-32-29-39-02-17,19,32,29,39,2,17,2,17,19,29,32,39
9/19/2018,41-35-24-39-42-26,41,35,24,39,42,26,24,26,35,39,41,42
9/22/2018,24-49-50-11-21-38,24,49,50,11,21,38,11,21,24,38,49,50
9/24/2018,29-30-48-12-06-09,29,30,48,12,6,9,6,9,12,29,30,48
9/26/2018,34-09-28-24-19-42,34,9,28,24,19,42,9,19,24,28,34,42
9/29/2018,04-29-03-38-32-53,4,29,3,38,32,53,3,4,29,32,38,53
10/1/2018,51-15-29-19-52-06,51,15,29,19,52,6,6,15,19,29,51,52
10/3/2018,34-32-07-14-18-27,34,32,7,14,18,27,7,14,18,27,32,34
10/6/2018,06-35-43-28-34-25,6,35,43,28,34,25,6,25,28,34,35,43
10/8/2018,13-48-37-28-49-55,13,48,37,28,49,55,13,28,37,48,49,55
10/10/2018,34-12-37-16-13-19,34,12,37,16,13,19,12,13,16,19,34,37
10/13/2018,35-36-21-42-38-54,35,36,21,42,38,54,21,35,36,38,42,54
10/15/2018,50-11-10-19-45-13,50,11,10,19,45,13,10,11,13,19,45,50
10/17/2018,44-18-09-49-11-24,44,18,9,49,11,24,9,11,18,24,44,49
10/20/2018,05-10-31-37-53-46,5,10,31,37,53,46,5,10,31,37,46,53
10/22/2018,28-01-53-46-05-11,28,1,53,46,5,11,1,5,11,28,46,53
10/24/2018,51-50-38-26-03-16,51,50,38,26,3,16,3,16,26,38,50,51
10/27/2018,50-19-03-16-46-26,50,19,3,16,46,26,3,16,19,26,46,50
10/29/2018,44-51-20-35-17-03,44,51,20,35,17,3,3,17,20,35,44,51
10/31/2018,30-25-51-20-28-48,30,25,51,20,28,48,20,25,28,30,48,51
11/3/2018,50-03-54-44-20-18,50,3,54,44,20,18,3,18,20,44,50,54
11/5/2018,33-30-41-28-38-19,33,30,41,28,38,19,19,28,30,33,38,41
11/7/2018,13-16-33-47-30-01,13,16,33,47,30,1,1,13,16,30,33,47
11/10/2018,09-11-36-50-48-15,9,11,36,50,48,15,9,11,15,36,48,50
11/12/2018,35-36-51-01-55-03,35,36,51,1,55,3,1,3,35,36,51,55
11/14/2018,48-02-37-53-55-06,48,2,37,53,55,6,2,6,37,48,53,55
11/17/2018,05-10-38-52-22-54,5,10,38,52,22,54,5,10,22,38,52,54
11/19/2018,27-04-30-47-52-45,27,4,30,47,52,45,4,27,30,45,47,52
11/21/2018,12-54-51-06-09-40,12,54,51,6,9,40,6,9,12,40,51,54
11/24/2018,22-24-39-27-01-31,22,24,39,27,1,31,1,22,24,27,31,39
11/26/2018,31-55-26-41-33-04,31,55,26,41,33,4,4,26,31,33,41,55
11/28/2018,43-15-07-50-31-28,43,15,7,50,31,28,7,15,28,31,43,50
12/1/2018,46-54-36-08-30-44,46,54,36,8,30,44,8,30,36,44,46,54
12/3/2018,15-55-02-30-52-06,15,55,2,30,52,6,2,6,15,30,52,55
12/5/2018,47-14-46-25-53-07,47,14,46,25,53,7,7,14,25,46,47,53
12/8/2018,55-10-46-37-07-22,55,10,46,37,7,22,7,10,22,37,46,55
12/10/2018,30-23-26-34-12-08,30,23,26,34,12,8,8,12,23,26,30,34
12/12/2018,26-52-49-43-16-45,26,52,49,43,16,45,16,26,43,45,49,52
12/15/2018,13-54-38-47-07-26,13,54,38,47,7,26,7,13,26,38,47,54
12/17/2018,28-29-44-52-09-01,28,29,44,52,9,1,1,9,28,29,44,52
12/19/2018,20-29-04-17-45-55,20,29,4,17,45,55,4,17,20,29,45,55
12/22/2018,15-23-06-52-39-29,15,23,6,52,39,29,6,15,23,29,39,52
12/24/2018,45-54-18-33-52-04,45,54,18,33,52,4,4,18,33,45,52,54
12/26/2018,32-08-48-34-55-17,32,8,48,34,55,17,8,17,32,34,48,55
12/29/2018,19-12-53-07-24-48,19,12,53,7,24,48,7,12,19,24,48,53
12/31/2018,33-30-43-11-53-31,33,30,43,11,53,31,11,30,31,33,43,53
1/2/2019,06-44-29-26-33-01,6,44,29,26,33,1,1,6,26,29,33,44
1/5/2019,28-27-26-51-42-16,28,27,26,51,42,16,16,26,27,28,42,51
1/7/2019,25-24-02-55-09-33,25,24,2,55,9,33,2,9,24,25,33,55
1/9/2019,47-12-22-52-21-55,47,12,22,52,21,55,12,21,22,47,52,55
1/12/2019,23-28-19-22-08-51,23,28,19,22,8,51,8,19,22,23,28,51
1/14/2019,46-52-55-08-24-10,46,52,55,8,24,10,8,10,24,46,52,55
1/16/2019,39-15-50-34-30-41,39,15,50,34,30,41,15,30,34,39,41,50
1/19/2019,23-54-03-43-30-36,23,54,3,43,30,36,3,23,30,36,43,54
1/21/2019,17-07-38-08-05-10,17,7,38,8,5,10,5,7,8,10,17,38
1/23/2019,25-42-32-38-50-13,25,42,32,38,50,13,13,25,32,38,42,50
1/26/2019,41-31-16-09-22-32,41,31,16,9,22,32,9,16,22,31,32,41
1/28/2019,43-20-54-12-32-29,43,20,54,12,32,29,12,20,29,32,43,54
1/30/2019,09-28-08-52-42-02,9,28,8,52,42,2,2,8,9,28,42,52
2/2/2019,15-22-04-54-31-33,15,22,4,54,31,33,4,15,22,31,33,54
2/4/2019,04-26-35-02-46-52,4,26,35,2,46,52,2,4,26,35,46,52
2/6/2019,03-20-30-14-38-32,3,20,30,14,38,32,3,14,20,30,32,38
2/9/2019,02-52-38-13-11-55,2,52,38,13,11,55,2,11,13,38,52,55
2/11/2019,16-28-48-22-30-50,16,28,48,22,30,50,16,22,28,30,48,50
2/13/2019,26-54-45-09-12-22,26,54,45,9,12,22,9,12,22,26,45,54
2/16/2019,55-53-48-43-28-52,55,53,48,43,28,52,28,43,48,52,53,55
2/18/2019,02-40-08-06-55-09,2,40,8,6,55,9,2,6,8,9,40,55
2/20/2019,28-51-30-05-36-39,28,51,30,5,36,39,5,28,30,36,39,51
2/23/2019,03-50-16-54-33-21,3,50,16,54,33,21,3,16,21,33,50,54
2/25/2019,06-18-31-25-34-36,6,18,31,25,34,36,6,18,25,31,34,36
2/27/2019,23-08-35-31-49-24,23,8,35,31,49,24,8,23,24,31,35,49
3/2/2019,19-02-32-09-52-46,19,2,32,9,52,46,2,9,19,32,46,52
3/4/2019,02-05-35-21-38-22,2,5,35,21,38,22,2,5,21,22,35,38
3/6/2019,33-51-42-13-01-17,33,51,42,13,1,17,1,13,17,33,42,51
3/9/2019,04-26-35-25-31-40,4,26,35,25,31,40,4,25,26,31,35,40
3/11/2019,54-12-48-55-50-04,54,12,48,55,50,4,4,12,48,50,54,55
3/13/2019,42-35-19-11-39-45,42,35,19,11,39,45,11,19,35,39,42,45
3/16/2019,31-11-20-52-24-53,31,11,20,52,24,53,11,20,24,31,52,53
3/18/2019,50-24-48-45-52-13,50,24,48,45,52,13,13,24,45,48,50,52
3/20/2019,16-36-35-43-23-01,16,36,35,43,23,1,1,16,23,35,36,43
3/23/2019,19-47-36-02-04-34,19,47,36,2,4,34,2,4,19,34,36,47
3/25/2019,30-26-21-49-35-09,30,26,21,49,35,9,9,21,26,30,35,49
3/27/2019,47-10-44-09-01-18,47,10,44,9,1,18,1,9,10,18,44,47
3/30/2019,01-45-02-39-31-11,1,45,2,39,31,11,1,2,11,31,39,45
4/1/2019,40-37-43-24-41-48,40,37,43,24,41,48,24,37,40,41,43,48
4/3/2019,43-17-04-19-55-08,43,17,4,19,55,8,4,8,17,19,43,55
4/6/2019,25-44-31-14-08-38,25,44,31,14,8,38,8,14,25,31,38,44
4/8/2019,09-47-42-43-50-21,9,47,42,43,50,21,9,21,42,43,47,50
4/10/2019,03-53-33-52-06-34,3,53,33,52,6,34,3,6,33,34,52,53
4/13/2019,36-12-31-39-42-40,36,12,31,39,42,40,12,31,36,39,40,42
4/15/2019,52-38-32-01-06-07,52,38,32,1,6,7,1,6,7,32,38,52
4/17/2019,42-07-25-39-24-43,42,7,25,39,24,43,7,24,25,39,42,43
4/22/2019,29-32-39-08-35-02,29,32,39,8,35,2,2,8,29,32,35,39
4/24/2019,20-23-12-27-21-16,20,23,12,27,21,16,12,16,20,21,23,27
4/27/2019,22-35-16-10-03-32,22,35,16,10,3,32,3,10,16,22,32,35
4/29/2019,05-44-51-47-15-07,5,44,51,47,15,7,5,7,15,44,47,51
5/1/2019,20-22-28-38-43-46,20,22,28,38,43,46,20,22,28,38,43,46
5/4/2019,35-14-41-55-32-29,35,14,41,55,32,29,14,29,32,35,41,55
5/6/2019,37-39-29-26-24-01,37,39,29,26,24,1,1,24,26,29,37,39
5/8/2019,20-34-52-10-04-35,20,34,52,10,4,35,4,10,20,34,35,52
5/11/2019,26-35-08-21-18-29,26,35,8,21,18,29,8,18,21,26,29,35
5/13/2019,13-24-27-51-20-40,13,24,27,51,20,40,13,20,24,27,40,51
5/15/2019,37-23-27-05-26-39,37,23,27,5,26,39,5,23,26,27,37,39
5/18/2019,12-24-13-02-49-06,12,24,13,2,49,6,2,6,12,13,24,49
5/20/2019,06-33-54-42-36-41,6,33,54,42,36,41,6,33,36,41,42,54
5/22/2019,09-46-35-51-43-08,9,46,35,51,43,8,8,9,35,43,46,51
5/25/2019,02-09-49-21-24-11,2,9,49,21,24,11,2,9,11,21,24,49
5/27/2019,02-04-06-08-24-01,2,4,6,8,24,1,1,2,4,6,8,24
5/29/2019,20-51-33-13-44-54,20,51,33,13,44,54,13,20,33,44,51,54
6/1/2019,19-01-15-17-43-48,19,1,15,17,43,48,1,15,17,19,43,48
6/3/2019,30-03-52-49-05-41,30,3,52,49,5,41,3,5,30,41,49,52
6/5/2019,22-38-16-05-46-29,22,38,16,5,46,29,5,16,22,29,38,46
6/8/2019,26-34-39-52-22-47,26,34,39,52,22,47,22,26,34,39,47,52
6/10/2019,39-01-55-23-31-45,39,1,55,23,31,45,1,23,31,39,45,55
6/12/2019,22-53-20-34-16-38,22,53,20,34,16,38,16,20,22,34,38,53
6/15/2019,01-40-03-05-17-07,1,40,3,5,17,7,1,3,5,7,17,40
6/17/2019,39-14-27-37-11-23,39,14,27,37,11,23,11,14,23,27,37,39
6/19/2019,53-41-16-05-20-48,53,41,16,5,20,48,5,16,20,41,48,53
6/22/2019,29-38-22-13-15-01,29,38,22,13,15,1,1,13,15,22,29,38
6/24/2019,40-48-29-52-09-18,40,48,29,52,9,18,9,18,29,40,48,52
6/26/2019,52-03-11-27-06-51,52,3,11,27,6,51,3,6,11,27,51,52
6/29/2019,18-14-37-45-23-20,18,14,37,45,23,20,14,18,20,23,37,45
7/1/2019,05-39-50-45-41-43,5,39,50,45,41,43,5,39,41,43,45,50
7/3/2019,11-39-13-41-37-32,11,39,13,41,37,32,11,13,32,37,39,41
7/6/2019,41-17-49-26-29-27,41,17,49,26,29,27,17,26,27,29,41,49
7/8/2019,03-01-17-12-27-05,3,1,17,12,27,5,1,3,5,12,17,27
7/10/2019,07-43-19-51-25-21,7,43,19,51,25,21,7,19,21,25,43,51
7/13/2019,38-24-04-19-11-44,38,24,4,19,11,44,4,11,19,24,38,44
7/15/2019,43-39-27-50-40-24,43,39,27,50,40,24,24,27,39,40,43,50
7/17/2019,20-08-07-34-32-06,20,8,7,34,32,6,6,7,8,20,32,34
7/20/2019,53-48-04-36-30-21,53,48,4,36,30,21,4,21,30,36,48,53
7/22/2019,34-37-40-21-04-05,34,37,40,21,4,5,4,5,21,34,37,40
7/24/2019,23-27-41-16-24-26,23,27,41,16,24,26,16,23,24,26,27,41
7/27/2019,28-39-23-45-20-53,28,39,23,45,20,53,20,23,28,39,45,53
7/29/2019,53-28-15-41-03-45,53,28,15,41,3,45,3,15,28,41,45,53
7/31/2019,52-29-33-05-40-03,52,29,33,5,40,3,3,5,29,33,40,52
8/3/2019,30-23-02-47-45-12,30,23,2,47,45,12,2,12,23,30,45,47
8/5/2019,50-14-11-09-53-54,50,14,11,9,53,54,9,11,14,50,53,54
8/7/2019,29-38-54-36-14-49,29,38,54,36,14,49,14,29,36,38,49,54
8/10/2019,25-44-48-55-42-15,25,44,48,55,42,15,15,25,42,44,48,55
8/12/2019,32-07-10-21-20-19,32,7,10,21,20,19,7,10,19,20,21,32
8/14/2019,03-41-21-40-17-55,3,41,21,40,17,55,3,17,21,40,41,55
8/17/2019,03-47-54-14-18-16,3,47,54,14,18,16,3,14,16,18,47,54
8/19/2019,26-49-54-31-38-32,26,49,54,31,38,32,26,31,32,38,49,54
8/21/2019,39-18-50-15-04-23,39,18,50,15,4,23,4,15,18,23,39,50
8/24/2019,31-16-34-08-52-20,31,16,34,8,52,20,8,16,20,31,34,52
8/26/2019,16-38-30-27-22-37,16,38,30,27,22,37,16,22,27,30,37,38
8/28/2019,41-50-24-26-52-03,41,50,24,26,52,3,3,24,26,41,50,52
8/31/2019,29-06-28-45-36-07,29,6,28,45,36,7,6,7,28,29,36,45
9/2/2019,48-20-52-11-22-05,48,20,52,11,22,5,5,11,20,22,48,52
9/4/2019,45-26-39-33-25-50,45,26,39,33,25,50,25,26,33,39,45,50
9/7/2019,44-03-40-43-02-48,44,3,40,43,2,48,2,3,40,43,44,48
9/9/2019,35-41-17-55-23-28,35,41,17,55,23,28,17,23,28,35,41,55
9/11/2019,12-33-27-02-50-53,12,33,27,2,50,53,2,12,27,33,50,53
9/14/2019,06-12-13-34-17-47,6,12,13,34,17,47,6,12,13,17,34,47
9/14/2019,06-12-13-34-17-47,6,12,13,34,17,47,6,12,13,17,34,47
9/16/2019,24-12-43-45-05-25,24,12,43,45,5,25,5,12,24,25,43,45
9/18/2019,36-19-08-14-10-52,36,19,8,14,10,52,8,10,14,19,36,52
9/21/2019,55-23-11-33-12-26,55,23,11,33,12,26,11,12,23,26,33,55
9/23/2019,55-07-44-18-35-28,55,7,44,18,35,28,7,18,28,35,44,55
9/25/2019,13-10-14-15-41-47,13,10,14,15,41,47,10,13,14,15,41,47
9/28/2019,17-49-30-12-43-08,17,49,30,12,43,8,8,12,17,30,43,49
9/30/2019,12-21-19-50-47-01,12,21,19,50,47,1,1,12,19,21,47,50
10/2/2019,23-54-09-22-25-38,23,54,9,22,25,38,9,22,23,25,38,54
10/5/2019,14-08-48-46-01-44,14,8,48,46,1,44,1,8,14,44,46,48
10/7/2019,36-50-51-45-43-14,36,50,51,45,43,14,14,36,43,45,50,51
10/9/2019,09-46-30-06-43-01,9,46,30,6,43,1,1,6,9,30,43,46
10/12/2019,38-54-18-09-01-25,38,54,18,9,1,25,1,9,18,25,38,54
10/14/2019,46-20-44-52-23-14,46,20,44,52,23,14,14,20,23,44,46,52
10/16/2019,48-49-50-35-39-10,48,49,50,35,39,10,10,35,39,48,49,50
10/19/2019,40-35-19-06-02-28,40,35,19,6,2,28,2,6,19,28,35,40
10/21/2019,25-54-36-43-28-44,25,54,36,43,28,44,25,28,36,43,44,54
10/23/2019,11-14-39-42-55-26,11,14,39,42,55,26,11,14,26,39,42,55
10/26/2019,45-25-50-10-15-05,45,25,50,10,15,5,5,10,15,25,45,50
10/28/2019,04-26-48-18-15-01,4,26,48,18,15,1,1,4,15,18,26,48
10/30/2019,50-27-09-01-12-05,50,27,9,1,12,5,1,5,9,12,27,50
11/2/2019,35-07-23-10-48-45,35,7,23,10,48,45,7,10,23,35,45,48
11/4/2019,11-35-44-10-20-38,11,35,44,10,20,38,10,11,20,35,38,44
11/6/2019,31-52-33-35-40-24,31,52,33,35,40,24,24,31,33,35,40,52
11/9/2019,22-44-02-42-04-49,22,44,2,42,4,49,2,4,22,42,44,49
11/11/2019,41-26-46-53-31-40,41,26,46,53,31,40,26,31,40,41,46,53
11/13/2019,43-06-05-39-24-17,43,6,5,39,24,17,5,6,17,24,39,43
11/16/2019,08-11-14-50-44-51,8,11,14,50,44,51,8,11,14,44,50,51
11/18/2019,37-52-35-31-47-51,37,52,35,31,47,51,31,35,37,47,51,52
11/20/2019,12-52-11-20-45-08,12,52,11,20,45,8,8,11,12,20,45,52
11/23/2019,26-27-34-03-14-02,26,27,34,3,14,2,2,3,14,26,27,34
11/25/2019,33-36-07-28-38-08,33,36,7,28,38,8,7,8,28,33,36,38
11/27/2019,46-14-13-40-06-27,46,14,13,40,6,27,6,13,14,27,40,46
11/30/2019,03-28-14-32-20-15,3,28,14,32,20,15,3,14,15,20,28,32
12/2/2019,14-03-06-38-42-34,14,3,6,38,42,34,3,6,14,34,38,42
12/4/2019,39-32-38-31-12-47,39,32,38,31,12,47,12,31,32,38,39,47
12/7/2019,26-15-27-42-30-49,26,15,27,42,30,49,15,26,27,30,42,49
12/9/2019,40-14-22-17-50-45,40,14,22,17,50,45,14,17,22,40,45,50
12/11/2019,22-37-04-33-55-32,22,37,4,33,55,32,4,22,32,33,37,55
12/14/2019,03-08-27-25-05-44,3,8,27,25,5,44,3,5,8,25,27,44
12/16/2019,23-45-50-51-54-49,23,45,50,51,54,49,23,45,49,50,51,54
12/18/2019,07-22-06-11-51-37,7,22,6,11,51,37,6,7,11,22,37,51
12/21/2019,32-37-52-15-06-19,32,37,52,15,6,19,6,15,19,32,37,52
12/23/2019,05-41-39-38-14-25,5,41,39,38,14,25,5,14,25,38,39,41
12/28/2019,14-06-22-03-46-53,14,6,22,3,46,53,3,6,14,22,46,53
12/30/2019,55-34-03-12-43-54,55,34,3,12,43,54,3,12,34,43,54,55
1/4/2020,17-42-16-12-26-05,17,42,16,12,26,5,5,12,16,17,26,42
1/6/2020,42-32-35-15-49-19,42,32,35,15,49,19,15,19,32,35,42,49
1/8/2020,25-54-04-22-55-24,25,54,4,22,55,24,4,22,24,25,54,55
1/11/2020,51-55-14-43-10-50,51,55,14,43,10,50,10,14,43,50,51,55
1/13/2020,36-51-09-46-14-10,36,51,9,46,14,10,9,10,14,36,46,51
1/15/2020,06-29-01-19-10-32,6,29,1,19,10,32,1,6,10,19,29,32
1/18/2020,05-22-50-02-16-40,5,22,50,2,16,40,2,5,16,22,40,50
1/20/2020,10-29-38-32-33-47,10,29,38,32,33,47,10,29,32,33,38,47
1/22/2020,53-31-44-40-52-55,53,31,44,40,52,55,31,40,44,52,53,55
1/25/2020,15-17-05-14-02-32,15,17,5,14,2,32,2,5,14,15,17,32
1/27/2020,15-21-55-09-30-53,15,21,55,9,30,53,9,15,21,30,53,55
1/29/2020,27-40-10-01-29-09,27,40,10,1,29,9,1,9,10,27,29,40
2/1/2020,03-29-08-05-17-38,3,29,8,5,17,38,3,5,8,17,29,38
2/3/2020,31-34-43-26-39-50,31,34,43,26,39,50,26,31,34,39,43,50
2/5/2020,52-47-34-24-08-13,52,47,34,24,8,13,8,13,24,34,47,52
2/8/2020,09-49-23-34-30-26,9,49,23,34,30,26,9,23,26,30,34,49
2/10/2020,01-24-29-21-48-33,1,24,29,21,48,33,1,21,24,29,33,48
2/12/2020,51-37-04-15-32-55,51,37,4,15,32,55,4,15,32,37,51,55
2/15/2020,30-36-13-33-31-02,30,36,13,33,31,2,2,13,30,31,33,36
2/17/2020,15-38-04-20-45-37,15,38,4,20,45,37,4,15,20,37,38,45
2/19/2020,50-01-42-03-17-39,50,1,42,3,17,39,1,3,17,39,42,50
2/22/2020,18-22-19-04-13-53,18,22,19,4,13,53,4,13,18,19,22,53
2/24/2020,01-07-41-51-30-04,1,7,41,51,30,4,1,4,7,30,41,51
2/26/2020,51-37-52-39-38-28,51,37,52,39,38,28,28,37,38,39,51,52
2/29/2020,08-23-19-09-40-28,8,23,19,9,40,28,8,9,19,23,28,40
3/2/2020,22-03-33-17-14-24,22,3,33,17,14,24,3,14,17,22,24,33
3/4/2020,47-26-32-11-25-45,47,26,32,11,25,45,11,25,26,32,45,47
3/7/2020,12-27-45-37-15-52,12,27,45,37,15,52,12,15,27,37,45,52
3/9/2020,43-50-33-49-25-20,43,50,33,49,25,20,20,25,33,43,49,50
3/11/2020,12-41-53-30-19-48,12,41,53,30,19,48,12,19,30,41,48,53
3/14/2020,18-28-10-40-21-25,18,28,10,40,21,25,10,18,21,25,28,40
3/16/2020,54-10-45-41-49-12,54,10,45,41,49,12,10,12,41,45,49,54
3/18/2020,46-13-34-37-28-47,46,13,34,37,28,47,13,28,34,37,46,47
3/21/2020,33-04-37-30-27-03,33,4,37,30,27,3,3,4,27,30,33,37
3/23/2020,17-25-29-13-03-15,17,25,29,13,3,15,3,13,15,17,25,29
3/25/2020,21-47-37-15-26-17,21,47,37,15,26,17,15,17,21,26,37,47
3/28/2020,04-09-28-42-51-01,4,9,28,42,51,1,1,4,9,28,42,51
3/30/2020,41-51-16-32-21-11,41,51,16,32,21,11,11,16,21,32,41,51
8/8/2020,04-37-11-13-42-53,4,37,11,13,42,53,4,11,13,37,42,53
8/10/2020,23-40-11-10-37-45,23,40,11,10,37,45,10,11,23,37,40,45
8/12/2020,53-23-10-27-03-44,53,23,10,27,3,44,3,10,23,27,44,53
8/15/2020,03-16-44-32-47-38,3,16,44,32,47,38,3,16,32,38,44,47
8/17/2020,01-51-12-44-29-22,1,51,12,44,29,22,1,12,22,29,44,51
8/19/2020,02-38-51-54-44-50,2,38,51,54,44,50,2,38,44,50,51,54
8/22/2020,46-12-30-28-19-36,46,12,30,28,19,36,12,19,28,30,36,46
8/24/2020,45-47-26-08-54-50,45,47,26,8,54,50,8,26,45,47,50,54
8/26/2020,28-17-49-05-06-21,28,17,49,5,6,21,5,6,17,21,28,49
8/29/2020,54-06-28-38-40-50,54,6,28,38,40,50,6,28,38,40,50,54
8/31/2020,07-12-52-26-40-48,7,12,52,26,40,48,7,12,26,40,48,52
9/2/2020,10-16-47-15-39-09,10,16,47,15,39,9,9,10,15,16,39,47
9/5/2020,41-16-36-43-19-34,41,16,36,43,19,34,16,19,34,36,41,43
9/7/2020,28-30-20-49-26-40,28,30,20,49,26,40,20,26,28,30,40,49
9/9/2020,13-20-14-34-49-27,13,20,14,34,49,27,13,14,20,27,34,49
9/12/2020,43-06-26-04-53-20,43,6,26,4,53,20,4,6,20,26,43,53
9/14/2020,33-20-29-50-16-13,33,20,29,50,16,13,13,16,20,29,33,50
9/16/2020,45-19-42-28-50-17,45,19,42,28,50,17,17,19,28,42,45,50
9/19/2020,48-36-43-39-06-10,48,36,43,39,6,10,6,10,36,39,43,48
9/21/2020,26-54-18-37-28-42,26,54,18,37,28,42,18,26,28,37,42,54
9/23/2020,02-12-22-27-03-29,2,12,22,27,3,29,2,3,12,22,27,29
9/26/2020,41-48-02-05-37-34,41,48,2,5,37,34,2,5,34,37,41,48
9/28/2020,48-13-31-11-08-24,48,13,31,11,8,24,8,11,13,24,31,48
9/30/2020,10-22-40-29-51-42,10,22,40,29,51,42,10,22,29,40,42,51
10/3/2020,24-03-50-25-22-23,24,3,50,25,22,23,3,22,23,24,25,50
10/5/2020,23-03-31-55-37-48,23,3,31,55,37,48,3,23,31,37,48,55
10/7/2020,03-52-17-35-33-42,3,52,17,35,33,42,3,17,33,35,42,52
10/10/2020,18-23-22-24-09-52,18,23,22,24,9,52,9,18,22,23,24,52
10/12/2020,08-28-46-40-24-45,8,28,46,40,24,45,8,24,28,40,45,46
10/14/2020,41-30-20-07-22-26,41,30,20,7,22,26,7,20,22,26,30,41
10/17/2020,52-03-10-46-34-48,52,3,10,46,34,48,3,10,34,46,48,52
10/19/2020,38-29-04-05-46-36,38,29,4,5,46,36,4,5,29,36,38,46
10/21/2020,09-13-36-27-05-10,9,13,36,27,5,10,5,9,10,13,27,36
10/24/2020,33-13-37-55-53-40,33,13,37,55,53,40,13,33,37,40,53,55
10/26/2020,22-37-54-36-38-18,22,37,54,36,38,18,18,22,36,37,38,54
10/28/2020,54-02-52-24-11-04,54,2,52,24,11,4,2,4,11,24,52,54
10/31/2020,18-52-17-02-54-55,18,52,17,2,54,55,2,17,18,52,54,55
11/2/2020,42-52-20-39-19-40,42,52,20,39,19,40,19,20,39,40,42,52
11/4/2020,51-19-05-29-26-17,51,19,5,29,26,17,5,17,19,26,29,51
11/7/2020,03-09-34-01-15-40,3,9,34,1,15,40,1,3,9,15,34,40
11/9/2020,45-51-04-23-44-14,45,51,4,23,44,14,4,14,23,44,45,51
11/11/2020,49-16-42-03-26-06,49,16,42,3,26,6,3,6,16,26,42,49
11/14/2020,03-44-17-52-16-27,3,44,17,52,16,27,3,16,17,27,44,52
11/16/2020,49-17-22-52-06-41,49,17,22,52,6,41,6,17,22,41,49,52
11/18/2020,53-13-04-19-33-44,53,13,4,19,33,44,4,13,19,33,44,53
11/21/2020,34-12-10-16-21-01,34,12,10,16,21,1,1,10,12,16,21,34
11/23/2020,04-54-25-35-12-15,4,54,25,35,12,15,4,12,15,25,35,54
11/25/2020,38-34-37-49-05-09,38,34,37,49,5,9,5,9,34,37,38,49
11/28/2020,26-13-17-52-20-40,26,13,17,52,20,40,13,17,20,26,40,52
11/30/2020,10-17-36-19-30-50,10,17,36,19,30,50,10,17,19,30,36,50
12/2/2020,05-10-42-50-27-41,5,10,42,50,27,41,5,10,27,41,42,50
12/5/2020,20-08-55-26-47-48,20,8,55,26,47,48,8,20,26,47,48,55
12/7/2020,04-54-45-15-16-08,4,54,45,15,16,8,4,8,15,16,45,54
12/9/2020,02-39-15-08-22-27,2,39,15,8,22,27,2,8,15,22,27,39
12/12/2020,01-19-13-42-21-48,1,19,13,42,21,48,1,13,19,21,42,48
12/14/2020,50-07-55-25-36-28,50,7,55,25,36,28,7,25,28,36,50,55
12/16/2020,39-11-20-04-01-07,39,11,20,4,1,7,1,4,7,11,20,39
12/19/2020,24-49-36-28-23-54,24,49,36,28,23,54,23,24,28,36,49,54
12/21/2020,42-07-43-18-37-38,42,7,43,18,37,38,7,18,37,38,42,43
12/23/2020,09-25-55-34-05-02,9,25,55,34,5,2,2,5,9,25,34,55
12/26/2020,55-50-48-21-18-54,55,50,48,21,18,54,18,21,48,50,54,55
12/28/2020,28-53-32-54-50-14,28,53,32,54,50,14,14,28,32,50,53,54
12/30/2020,47-17-50-39-30-55,47,17,50,39,30,55,17,30,39,47,50,55
1/2/2021,36-35-48-37-51-04,36,35,48,37,51,4,4,35,36,37,48,51
1/4/2021,01-11-35-54-41-24,1,11,35,54,41,24,1,11,24,35,41,54
1/6/2021,51-45-41-16-43-07,51,45,41,16,43,7,7,16,41,43,45,51
1/9/2021,22-15-53-07-05-38,22,15,53,7,5,38,5,7,15,22,38,53
1/11/2021,46-44-36-35-43-41,46,44,36,35,43,41,35,36,41,43,44,46
1/13/2021,44-03-33-23-43-07,44,3,33,23,43,7,3,7,23,33,43,44
1/16/2021,27-49-47-25-54-29,27,49,47,25,54,29,25,27,29,47,49,54
1/18/2021,23-44-22-26-16-12,23,44,22,26,16,12,12,16,22,23,26,44
1/20/2021,53-15-09-12-41-16,53,15,9,12,41,16,9,12,15,16,41,53
1/23/2021,45-30-35-36-21-10,45,30,35,36,21,10,10,21,30,35,36,45
1/25/2021,30-11-47-24-54-48,30,11,47,24,54,48,11,24,30,47,48,54
1/27/2021,40-41-20-37-52-11,40,41,20,37,52,11,11,20,37,40,41,52
1/30/2021,10-26-31-16-17-01,10,26,31,16,17,1,1,10,16,17,26,31
2/1/2021,31-20-32-29-17-48,31,20,32,29,17,48,17,20,29,31,32,48
2/3/2021,01-14-10-25-51-38,1,14,10,25,51,38,1,10,14,25,38,51
2/6/2021,16-53-46-49-51-29,16,53,46,49,51,29,16,29,46,49,51,53
2/8/2021,30-02-05-23-06-24,30,2,5,23,6,24,2,5,6,23,24,30
2/10/2021,01-02-46-47-11-32,1,2,46,47,11,32,1,2,11,32,46,47
2/13/2021,27-14-18-13-03-46,27,14,18,13,3,46,3,13,14,18,27,46
2/15/2021,36-14-44-39-22-40,36,14,44,39,22,40,14,22,36,39,40,44
2/17/2021,50-28-33-26-04-03,50,28,33,26,4,3,3,4,26,28,33,50
2/20/2021,42-12-44-49-38-11,42,12,44,49,38,11,11,12,38,42,44,49
2/22/2021,11-26-28-24-38-05,11,26,28,24,38,5,5,11,24,26,28,38
2/24/2021,46-39-33-05-45-26,46,39,33,5,45,26,5,26,33,39,45,46
2/27/2021,08-49-17-38-43-06,8,49,17,38,43,6,6,8,17,38,43,49
3/1/2021,51-50-02-25-52-22,51,50,2,25,52,22,2,22,25,50,51,52
3/3/2021,21-46-26-04-22-17,21,46,26,4,22,17,4,17,21,22,26,46
3/6/2021,42-10-47-29-15-53,42,10,47,29,15,53,10,15,29,42,47,53
3/8/2021,52-13-50-37-19-49,52,13,50,37,19,49,13,19,37,49,50,52
3/10/2021,42-49-29-41-27-03,42,49,29,41,27,3,3,27,29,41,42,49
3/13/2021,36-41-35-44-03-40,36,41,35,44,3,40,3,35,36,40,41,44
3/15/2021,51-54-49-37-35-08,51,54,49,37,35,8,8,35,37,49,51,54
3/17/2021,06-01-28-13-26-45,6,1,28,13,26,45,1,6,13,26,28,45
3/20/2021,06-35-22-55-01-32,6,35,22,55,1,32,1,6,22,32,35,55
3/22/2021,44-05-11-22-16-27,44,5,11,22,16,27,5,11,16,22,27,44
3/24/2021,48-38-23-39-37-29,48,38,23,39,37,29,23,29,37,38,39,48
3/27/2021,38-35-11-22-39-47,38,35,11,22,39,47,11,22,35,38,39,47
3/29/2021,28-01-25-32-47-05,28,1,25,32,47,5,1,5,25,28,32,47
3/31/2021,13-28-03-40-34-15,13,28,3,40,34,15,3,13,15,28,34,40
4/5/2021,37-17-38-26-23-01,37,17,38,26,23,1,1,17,23,26,37,38
4/7/2021,38-15-27-13-53-08,38,15,27,13,53,8,8,13,15,27,38,53
4/10/2021,40-28-11-24-48-15,40,28,11,24,48,15,11,15,24,28,40,48
4/12/2021,25-02-27-09-01-43,25,2,27,9,1,43,1,2,9,25,27,43
4/14/2021,02-41-06-26-30-09,2,41,6,26,30,9,2,6,9,26,30,41
4/17/2021,06-37-01-39-51-36,6,37,1,39,51,36,1,6,36,37,39,51
4/19/2021,21-38-39-10-45-14,21,38,39,10,45,14,10,14,21,38,39,45
4/21/2021,07-51-24-22-19-27,7,51,24,22,19,27,7,19,22,24,27,51
4/24/2021,24-46-13-25-09-15,24,46,13,25,9,15,9,13,15,24,25,46
4/26/2021,02-47-55-04-21-13,2,47,55,4,21,13,2,4,13,21,47,55
4/28/2021,31-47-28-26-41-35,31,47,28,26,41,35,26,28,31,35,41,47
5/1/2021,41-36-51-53-08-20,41,36,51,53,8,20,8,20,36,41,51,53
5/3/2021,12-47-02-41-23-09,12,47,2,41,23,9,2,9,12,23,41,47
5/5/2021,35-09-43-01-06-17,35,9,43,1,6,17,1,6,9,17,35,43
5/8/2021,47-06-03-36-16-46,47,6,3,36,16,46,3,6,16,36,46,47
5/10/2021,10-15-05-09-47-52,10,15,5,9,47,52,5,9,10,15,47,52
5/12/2021,30-23-19-28-48-22,30,23,19,28,48,22,19,22,23,28,30,48
5/15/2021,13-01-50-10-51-54,13,1,50,10,51,54,1,10,13,50,51,54
5/17/2021,51-40-33-06-12-55,51,40,33,6,12,55,6,12,33,40,51,55
5/19/2021,06-12-02-13-48-15,6,12,2,13,48,15,2,6,12,13,15,48
5/22/2021,43-14-20-09-31-03,43,14,20,9,31,3,3,9,14,20,31,43
5/24/2021,40-30-19-38-46-35,40,30,19,38,46,35,19,30,35,38,40,46
5/26/2021,22-31-49-54-02-37,22,31,49,54,2,37,2,22,31,37,49,54
5/29/2021,30-22-07-46-15-52,30,22,7,46,15,52,7,15,22,30,46,52
5/31/2021,10-52-30-45-06-29,10,52,30,45,6,29,6,10,29,30,45,52
6/2/2021,13-48-40-36-39-34,13,48,40,36,39,34,13,34,36,39,40,48
6/5/2021,49-13-16-12-42-11,49,13,16,12,42,11,11,12,13,16,42,49
6/7/2021,13-19-43-33-41-46,13,19,43,33,41,46,13,19,33,41,43,46
6/9/2021,22-04-24-06-09-49,22,4,24,6,9,49,4,6,9,22,24,49
6/12/2021,28-26-54-23-33-43,28,26,54,23,33,43,23,26,28,33,43,54
6/14/2021,33-47-34-15-08-39,33,47,34,15,8,39,8,15,33,34,39,47
6/16/2021,08-53-40-29-50-32,8,53,40,29,50,32,8,29,32,40,50,53
6/19/2021,51-42-20-27-17-23,51,42,20,27,17,23,17,20,23,27,42,51
6/21/2021,11-02-54-28-50-48,11,2,54,28,50,48,2,11,28,48,50,54
6/23/2021,37-45-05-47-26-24,37,45,5,47,26,24,5,24,26,37,45,47
6/26/2021,31-47-55-11-37-42,31,47,55,11,37,42,11,31,37,42,47,55
6/28/2021,43-54-53-45-27-24,43,54,53,45,27,24,24,27,43,45,53,54
6/30/2021,38-15-18-16-42-33,38,15,18,16,42,33,15,16,18,33,38,42
7/3/2021,55-13-15-39-51-22,55,13,15,39,51,22,13,15,22,39,51,55
7/5/2021,47-17-31-20-11-51,47,17,31,20,11,51,11,17,20,31,47,51
7/7/2021,29-47-36-41-44-27,29,47,36,41,44,27,27,29,36,41,44,47
7/10/2021,20-15-49-27-50-29,20,15,49,27,50,29,15,20,27,29,49,50
7/12/2021,09-02-21-22-20-42,9,2,21,22,20,42,2,9,20,21,22,42
7/14/2021,21-29-39-42-06-14,21,29,39,42,6,14,6,14,21,29,39,42
7/17/2021,17-54-09-41-08-20,17,54,9,41,8,20,8,9,17,20,41,54
7/19/2021,16-05-20-46-33-50,16,5,20,46,33,50,5,16,20,33,46,50
7/21/2021,27-14-41-05-28-51,27,14,41,5,28,51,5,14,27,28,41,51
7/24/2021,24-50-44-03-16-18,24,50,44,3,16,18,3,16,18,24,44,50
7/26/2021,35-15-16-01-33-55,35,15,16,1,33,55,1,15,16,33,35,55
7/28/2021,07-08-16-01-44-28,7,8,16,1,44,28,1,7,8,16,28,44
7/31/2021,21-30-07-33-08-49,21,30,7,33,8,49,7,8,21,30,33,49
8/2/2021,27-22-54-03-35-19,27,22,54,3,35,19,3,19,22,27,35,54
8/4/2021,27-49-06-30-19-22,27,49,6,30,19,22,6,19,22,27,30,49
8/7/2021,46-24-31-44-09-14,46,24,31,44,9,14,9,14,24,31,44,46
8/9/2021,02-06-39-42-27-24,2,6,39,42,27,24,2,6,24,27,39,42
8/11/2021,06-36-40-28-39-15,6,36,40,28,39,15,6,15,28,36,39,40
8/14/2021,11-51-45-35-32-13,11,51,45,35,32,13,11,13,32,35,45,51
8/16/2021,28-30-06-32-23-03,28,30,6,32,23,3,3,6,23,28,30,32
8/18/2021,50-42-26-05-22-23,50,42,26,5,22,23,5,22,23,26,42,50
8/21/2021,02-10-19-43-48-41,2,10,19,43,48,41,2,10,19,41,43,48
8/23/2021,17-30-53-05-43-08,17,30,53,5,43,8,5,8,17,30,43,53
8/25/2021,54-35-14-55-34-11,54,35,14,55,34,11,11,14,34,35,54,55
8/28/2021,46-40-33-29-47-25,46,40,33,29,47,25,25,29,33,40,46,47
8/30/2021,07-13-05-25-28-03,7,13,5,25,28,3,3,5,7,13,25,28
9/1/2021,20-05-47-39-33-54,20,5,47,39,33,54,5,20,33,39,47,54
9/4/2021,49-44-12-55-19-06,49,44,12,55,19,6,6,12,19,44,49,55
9/6/2021,21-48-06-32-37-43,21,48,6,32,37,43,6,21,32,37,43,48
9/8/2021,02-47-48-21-18-14,2,47,48,21,18,14,2,14,18,21,47,48
9/11/2021,07-10-08-23-03-43,7,10,8,23,3,43,3,7,8,10,23,43
9/13/2021,32-01-02-38-17-05,32,1,2,38,17,5,1,2,5,17,32,38
9/15/2021,28-13-21-25-07-31,28,13,21,25,7,31,7,13,21,25,28,31
9/18/2021,54-24-44-04-40-55,54,24,44,4,40,55,4,24,40,44,54,55
9/20/2021,25-48-05-51-28-11,25,48,5,51,28,11,5,11,25,28,48,51
9/22/2021,18-37-03-41-10-01,18,37,3,41,10,1,1,3,10,18,37,41
9/25/2021,08-32-15-18-01-21,8,32,15,18,1,21,1,8,15,18,21,32
9/27/2021,14-46-05-22-51-40,14,46,5,22,51,40,5,14,22,40,46,51
9/29/2021,38-10-31-43-09-42,38,10,31,43,9,42,9,10,31,38,42,43
10/2/2021,10-24-35-12-55-42,10,24,35,12,55,42,10,12,24,35,42,55
10/4/2021,03-16-38-29-55-26,3,16,38,29,55,26,3,16,26,29,38,55
10/6/2021,08-33-39-55-10-28,8,33,39,55,10,28,8,10,28,33,39,55
10/9/2021,07-31-33-49-16-42,7,31,33,49,16,42,7,16,31,33,42,49
10/11/2021,16-55-09-10-08-40,16,55,9,10,8,40,8,9,10,16,40,55
10/13/2021,55-43-10-53-06-31,55,43,10,53,6,31,6,10,31,43,53,55
10/16/2021,33-21-24-52-54-38,33,21,24,52,54,38,21,24,33,38,52,54
10/18/2021,21-02-18-10-01-15,21,2,18,10,1,15,1,2,10,15,18,21
10/20/2021,22-21-18-39-23-09,22,21,18,39,23,9,9,18,21,22,23,39
10/23/2021,43-45-06-08-27-13,43,45,6,8,27,13,6,8,13,27,43,45
10/25/2021,38-21-23-28-19-51,38,21,23,28,19,51,19,21,23,28,38,51
10/27/2021,06-27-37-31-52-46,6,27,37,31,52,46,6,27,31,37,46,52
10/30/2021,02-50-52-47-53-34,2,50,52,47,53,34,2,34,47,50,52,53
11/1/2021,36-18-21-13-32-53,36,18,21,13,32,53,13,18,21,32,36,53
11/3/2021,14-09-51-28-29-35,14,9,51,28,29,35,9,14,28,29,35,51
11/6/2021,49-10-41-22-47-42,49,10,41,22,47,42,10,22,41,42,47,49
11/8/2021,08-45-47-05-21-40,8,45,47,5,21,40,5,8,21,40,45,47
11/10/2021,34-40-55-48-13-43,34,40,55,48,13,43,13,34,40,43,48,55
11/13/2021,03-53-17-35-55-24,3,53,17,35,55,24,3,17,24,35,53,55
11/15/2021,54-35-22-09-02-08,54,35,22,9,2,8,2,8,9,22,35,54
11/17/2021,41-36-21-47-04-11,41,36,21,47,4,11,4,11,21,36,41,47
11/20/2021,03-10-05-14-43-23,3,10,5,14,43,23,3,5,10,14,23,43
11/22/2021,50-43-33-23-27-14,50,43,33,23,27,14,14,23,27,33,43,50
11/24/2021,37-02-45-49-46-13,37,2,45,49,46,13,2,13,37,45,46,49
11/27/2021,19-27-21-25-16-33,19,27,21,25,16,33,16,19,21,25,27,33
11/29/2021,29-42-12-41-01-35,29,42,12,41,1,35,1,12,29,35,41,42
12/1/2021,44-11-55-54-35-28,44,11,55,54,35,28,11,28,35,44,54,55
12/4/2021,24-41-10-18-31-22,24,41,10,18,31,22,10,18,22,24,31,41
12/6/2021,44-10-51-36-55-48,44,10,51,36,55,48,10,36,44,48,51,55
12/8/2021,28-20-41-11-05-27,28,20,41,11,5,27,5,11,20,27,28,41
12/11/2021,27-02-23-49-15-52,27,2,23,49,15,52,2,15,23,27,49,52
12/13/2021,52-31-55-43-18-34,52,31,55,43,18,34,18,31,34,43,52,55
12/15/2021,41-31-16-29-52-14,41,31,16,29,52,14,14,16,29,31,41,52
12/18/2021,37-07-26-46-24-52,37,7,26,46,24,52,7,24,26,37,46,52
12/20/2021,15-24-08-05-10-43,15,24,8,5,10,43,5,8,10,15,24,43
12/22/2021,03-33-04-40-34-35,3,33,4,40,34,35,3,4,33,34,35,40
12/27/2021,26-13-04-54-47-14,26,13,4,54,47,14,4,13,14,26,47,54
12/29/2021,34-48-46-03-50-10,34,48,46,3,50,10,3,10,34,46,48,50
1/3/2022,01-39-02-24-16-33,1,39,2,24,16,33,1,2,16,24,33,39
1/5/2022,50-40-54-53-44-29,50,40,54,53,44,29,29,40,44,50,53,54
1/8/2022,18-43-06-41-44-48,18,43,6,41,44,48,6,18,41,43,44,48
1/10/2022,50-44-03-37-41-14,50,44,3,37,41,14,3,14,37,41,44,50
1/12/2022,45-29-40-14-32-05,45,29,40,14,32,5,5,14,29,32,40,45
1/15/2022,39-29-09-21-19-20,39,29,9,21,19,20,9,19,20,21,29,39
1/17/2022,13-17-25-06-23-19,13,17,25,6,23,19,6,13,17,19,23,25
1/19/2022,49-11-51-13-45-18,49,11,51,13,45,18,11,13,18,45,49,51
1/22/2022,41-17-49-39-06-32,41,17,49,39,6,32,6,17,32,39,41,49
1/24/2022,04-36-28-29-17-49,4,36,28,29,17,49,4,17,28,29,36,49
1/26/2022,12-29-15-06-54-05,12,29,15,6,54,5,5,6,12,15,29,54
1/29/2022,28-55-52-22-41-35,28,55,52,22,41,35,22,28,35,41,52,55
1/31/2022,48-30-19-38-34-02,48,30,19,38,34,2,2,19,30,34,38,48
2/2/2022,24-32-07-11-09-49,24,32,7,11,9,49,7,9,11,24,32,49
2/5/2022,33-34-41-36-05-39,33,34,41,36,5,39,5,33,34,36,39,41
2/7/2022,29-17-38-07-06-41,29,17,38,7,6,41,6,7,17,29,38,41
2/9/2022,52-17-55-45-21-49,52,17,55,45,21,49,17,21,45,49,52,55
2/12/2022,55-33-36-46-02-32,55,33,36,46,2,32,2,32,33,36,46,55
2/14/2022,46-54-13-01-38-30,46,54,13,1,38,30,1,13,30,38,46,54
2/16/2022,22-09-02-08-06-15,22,9,2,8,6,15,2,6,8,9,15,22
2/19/2022,54-47-07-46-06-39,54,47,7,46,6,39,6,7,39,46,47,54
2/21/2022,48-43-12-09-31-36,48,43,12,9,31,36,9,12,31,36,43,48
2/23/2022,44-48-50-37-07-19,44,48,50,37,7,19,7,19,37,44,48,50
2/26/2022,09-16-46-05-43-54,9,16,46,5,43,54,5,9,16,43,46,54
2/28/2022,43-15-55-35-49-52,43,15,55,35,49,52,15,35,43,49,52,55
3/2/2022,01-55-11-20-25-28,1,55,11,20,25,28,1,11,20,25,28,55
3/5/2022,43-15-39-42-13-49,43,15,39,42,13,49,13,15,39,42,43,49
3/7/2022,48-53-34-24-44-16,48,53,34,24,44,16,16,24,34,44,48,53
3/9/2022,46-29-30-34-04-20,46,29,30,34,4,20,4,20,29,30,34,46
3/12/2022,49-53-32-06-44-10,49,53,32,6,44,10,6,10,32,44,49,53
3/14/2022,09-17-45-39-35-15,9,17,45,39,35,15,9,15,17,35,39,45
3/16/2022,06-29-32-47-09-20,6,29,32,47,9,20,6,9,20,29,32,47
3/19/2022,16-24-33-15-30-37,16,24,33,15,30,37,15,16,24,30,33,37
3/21/2022,10-15-36-08-23-05,10,15,36,8,23,5,5,8,10,15,23,36
3/23/2022,24-36-35-07-23-10,24,36,35,7,23,10,7,10,23,24,35,36
3/26/2022,27-51-16-28-04-18,27,51,16,28,4,18,4,16,18,27,28,51
3/28/2022,29-51-23-34-55-08,29,51,23,34,55,8,8,23,29,34,51,55
3/30/2022,52-17-19-10-54-22,52,17,19,10,54,22,10,17,19,22,52,54
4/2/2022,17-35-49-33-16-31,17,35,49,33,16,31,16,17,31,33,35,49
4/4/2022,02-25-37-01-53-48,2,25,37,1,53,48,1,2,25,37,48,53
4/6/2022,43-26-53-44-06-23,43,26,53,44,6,23,6,23,26,43,44,53
4/9/2022,50-44-17-52-01-41,50,44,17,52,1,41,1,17,41,44,50,52
4/11/2022,55-32-24-37-40-04,55,32,24,37,40,4,4,24,32,37,40,55
4/13/2022,30-45-55-21-06-51,30,45,55,21,6,51,6,21,30,45,51,55
4/18/2022,24-18-52-42-19-37,24,18,52,42,19,37,18,19,24,37,42,52
4/20/2022,15-46-42-43-27-34,15,46,42,43,27,34,15,27,34,42,43,46
4/23/2022,20-39-48-15-24-25,20,39,48,15,24,25,15,20,24,25,39,48
4/25/2022,43-10-30-21-50-05,43,10,30,21,50,5,5,10,21,30,43,50
4/27/2022,47-54-38-23-35-52,47,54,38,23,35,52,23,35,38,47,52,54
4/30/2022,50-37-36-06-09-20,50,37,36,6,9,20,6,9,20,36,37,50
5/2/2022,50-09-29-36-37-52,50,9,29,36,37,52,9,29,36,37,50,52
5/4/2022,23-42-34-25-48-41,23,42,34,25,48,41,23,25,34,41,42,48
5/7/2022,25-27-19-45-14-20,25,27,19,45,14,20,14,19,20,25,27,45
5/9/2022,32-08-11-33-42-41,32,8,11,33,42,41,8,11,32,33,41,42
5/11/2022,31-11-45-07-54-08,31,11,45,7,54,8,7,8,11,31,45,54
5/14/2022,34-41-27-17-19-53,34,41,27,17,19,53,17,19,27,34,41,53
5/16/2022,11-29-34-50-10-17,11,29,34,50,10,17,10,11,17,29,34,50
5/18/2022,48-22-23-51-09-26,48,22,23,51,9,26,9,22,23,26,48,51
5/21/2022,19-14-13-40-10-16,19,14,13,40,10,16,10,13,14,16,19,40
5/23/2022,02-48-12-42-44-06,2,48,12,42,44,6,2,6,12,42,44,48
5/25/2022,46-23-42-13-53-52,46,23,42,13,53,52,13,23,42,46,52,53
5/28/2022,02-03-41-15-33-46,2,3,41,15,33,46,2,3,15,33,41,46
5/30/2022,55-21-51-38-22-37,55,21,51,38,22,37,21,22,37,38,51,55
6/1/2022,42-21-44-10-51-25,42,21,44,10,51,25,10,21,25,42,44,51
6/4/2022,50-31-53-46-16-44,50,31,53,46,16,44,16,31,44,46,50,53
6/6/2022,37-48-28-24-01-32,37,48,28,24,1,32,1,24,28,32,37,48
6/8/2022,31-55-01-21-52-48,31,55,1,21,52,48,1,21,31,48,52,55
6/11/2022,33-32-08-06-14-05,33,32,8,6,14,5,5,6,8,14,32,33
6/13/2022,01-09-50-14-37-17,1,9,50,14,37,17,1,9,14,17,37,50
6/15/2022,09-13-41-36-49-45,9,13,41,36,49,45,9,13,36,41,45,49
6/18/2022,48-55-21-05-18-52,48,55,21,5,18,52,5,18,21,48,52,55
6/20/2022,51-02-49-47-46-36,51,2,49,47,46,36,2,36,46,47,49,51
6/22/2022,54-10-17-53-39-06,54,10,17,53,39,6,6,10,17,39,53,54
6/25/2022,22-51-41-31-16-39,22,51,41,31,16,39,16,22,31,39,41,51
6/27/2022,49-01-40-21-20-55,49,1,40,21,20,55,1,20,21,40,49,55
6/29/2022,07-09-51-02-24-39,7,9,51,2,24,39,2,7,9,24,39,51
7/2/2022,13-31-41-35-09-25,13,31,41,35,9,25,9,13,25,31,35,41
7/4/2022,42-06-09-29-33-01,42,6,9,29,33,1,1,6,9,29,33,42
7/6/2022,49-06-26-55-03-14,49,6,26,55,3,14,3,6,14,26,49,55
7/9/2022,02-18-49-07-19-47,2,18,49,7,19,47,2,7,18,19,47,49
7/11/2022,24-30-41-40-52-12,24,30,41,40,52,12,12,24,30,40,41,52
7/13/2022,34-13-06-03-52-26,34,13,6,3,52,26,3,6,13,26,34,52
7/16/2022,28-16-33-13-09-36,28,16,33,13,9,36,9,13,16,28,33,36
7/18/2022,32-48-06-29-08-24,32,48,6,29,8,24,6,8,24,29,32,48
7/20/2022,20-46-14-55-33-10,20,46,14,55,33,10,10,14,20,33,46,55
7/23/2022,41-36-02-33-23-05,41,36,2,33,23,5,2,5,23,33,36,41
7/25/2022,32-45-10-39-20-35,32,45,10,39,20,35,10,20,32,35,39,45
7/27/2022,07-40-27-15-54-22,7,40,27,15,54,22,7,15,22,27,40,54
7/30/2022,19-37-29-33-50-06,19,37,29,33,50,6,6,19,29,33,37,50
8/1/2022,15-12-33-42-51-54,15,12,33,42,51,54,12,15,33,42,51,54
8/3/2022,28-43-49-35-07-51,28,43,49,35,7,51,7,28,35,43,49,51
8/6/2022,21-19-29-16-05-14,21,19,29,16,5,14,5,14,16,19,21,29
8/8/2022,12-30-47-29-42-34,12,30,47,29,42,34,12,29,30,34,42,47
8/10/2022,40-17-19-41-14-20,40,17,19,41,14,20,14,17,19,20,40,41
8/13/2022,36-25-06-23-18-19,36,25,6,23,18,19,6,18,19,23,25,36
8/15/2022,14-22-53-29-12-26,14,22,53,29,12,26,12,14,22,26,29,53
8/17/2022,08-37-42-17-33-23,8,37,42,17,33,23,8,17,23,33,37,42
8/20/2022,24-49-07-47-25-45,24,49,7,47,25,45,7,24,25,45,47,49
8/22/2022,01-40-33-24-30-45,1,40,33,24,30,45,1,24,30,33,40,45
8/24/2022,34-36-03-35-17-04,34,36,3,35,17,4,3,4,17,34,35,36
8/27/2022,41-27-32-34-05-01,41,27,32,34,5,1,1,5,27,32,34,41
8/29/2022,29-19-16-18-09-52,29,19,16,18,9,52,9,16,18,19,29,52
8/31/2022,15-12-16-17-03-09,15,12,16,17,3,9,3,9,12,15,16,17
9/3/2022,17-51-33-25-21-46,17,51,33,25,21,46,17,21,25,33,46,51
9/5/2022,54-11-48-10-09-38,54,11,48,10,9,38,9,10,11,38,48,54
9/7/2022,36-06-07-33-38-39,36,6,7,33,38,39,6,7,33,36,38,39
9/10/2022,48-42-18-06-46-28,48,42,18,6,46,28,6,18,28,42,46,48
9/12/2022,23-45-36-28-17-18,23,45,36,28,17,18,17,18,23,28,36,45
9/14/2022,17-24-36-15-34-18,17,24,36,15,34,18,15,17,18,24,34,36
9/17/2022,20-06-29-18-52-44,20,6,29,18,52,44,6,18,20,29,44,52
9/17/2022,20-06-29-18-52-44,20,6,29,18,52,44,6,18,20,29,44,52
9/19/2022,30-46-20-17-34-15,30,46,20,17,34,15,15,17,20,30,34,46
9/21/2022,48-31-42-40-11-50,48,31,42,40,11,50,11,31,40,42,48,50
9/24/2022,52-30-36-42-45-34,52,30,36,42,45,34,30,34,36,42,45,52
9/26/2022,07-52-03-34-46-50,7,52,3,34,46,50,3,7,34,46,50,52
9/28/2022,54-11-26-46-33-51,54,11,26,46,33,51,11,26,33,46,51,54
10/1/2022,09-45-36-27-18-54,9,45,36,27,18,54,9,18,27,36,45,54
10/3/2022,26-14-51-10-12-08,26,14,51,10,12,8,8,10,12,14,26,51
10/5/2022,09-32-37-34-31-33,9,32,37,34,31,33,9,31,32,33,34,37
10/8/2022,22-06-43-42-17-44,22,6,43,42,17,44,6,17,22,42,43,44
10/10/2022,03-36-15-41-51-28,3,36,15,41,51,28,3,15,28,36,41,51
10/12/2022,24-25-31-54-19-14,24,25,31,54,19,14,14,19,24,25,31,54
10/15/2022,37-42-45-20-54-41,37,42,45,20,54,41,20,37,41,42,45,54
10/17/2022,40-46-37-48-29-20,40,46,37,48,29,20,20,29,37,40,46,48
10/19/2022,47-16-11-05-22-40,47,16,11,5,22,40,5,11,16,22,40,47
10/22/2022,44-50-07-52-46-36,44,50,7,52,46,36,7,36,44,46,50,52
10/24/2022,27-32-53-37-39-36,27,32,53,37,39,36,27,32,36,37,39,53
10/26/2022,35-45-29-06-33-02,35,45,29,6,33,2,2,6,29,33,35,45
10/29/2022,52-05-42-18-15-11,52,5,42,18,15,11,5,11,15,18,42,52
10/31/2022,30-35-51-05-26-54,30,35,51,5,26,54,5,26,30,35,51,54
11/2/2022,22-16-13-27-38-43,22,16,13,27,38,43,13,16,22,27,38,43
11/5/2022,40-03-34-37-19-15,40,3,34,37,19,15,3,15,19,34,37,40
11/7/2022,49-10-16-22-51-55,49,10,16,22,51,55,10,16,22,49,51,55
11/9/2022,22-25-01-02-28-41,22,25,1,2,28,41,1,2,22,25,28,41
11/12/2022,23-15-18-24-26-32,23,15,18,24,26,32,15,18,23,24,26,32
11/14/2022,40-07-51-12-09-02,40,7,51,12,9,2,2,7,9,12,40,51
11/16/2022,41-19-02-47-45-54,41,19,2,47,45,54,2,19,41,45,47,54
11/19/2022,27-54-03-46-45-25,27,54,3,46,45,25,3,25,27,45,46,54
11/21/2022,28-25-31-48-45-17,28,25,31,48,45,17,17,25,28,31,45,48
11/23/2022,15-35-51-26-40-48,15,35,51,26,40,48,15,26,35,40,48,51
11/26/2022,30-20-11-45-21-18,30,20,11,45,21,18,11,18,20,21,30,45
11/28/2022,21-32-09-13-40-34,21,32,9,13,40,34,9,13,21,32,34,40
11/30/2022,45-08-04-28-17-13,45,8,4,28,17,13,4,8,13,17,28,45
12/3/2022,15-55-43-53-40-47,15,55,43,53,40,47,15,40,43,47,53,55
12/5/2022,02-19-48-24-43-52,2,19,48,24,43,52,2,19,24,43,48,52
12/7/2022,54-22-10-28-14-26,54,22,10,28,14,26,10,14,22,26,28,54
12/10/2022,24-35-53-47-05-44,24,35,53,47,5,44,5,24,35,44,47,53
12/12/2022,12-04-43-49-42-47,12,4,43,49,42,47,4,12,42,43,47,49
12/14/2022,11-46-09-12-43-16,11,46,9,12,43,16,9,11,12,16,43,46
12/17/2022,33-38-29-08-13-50,33,38,29,8,13,50,8,13,29,33,38,50
12/19/2022,24-48-08-38-45-11,24,48,8,38,45,11,8,11,24,38,45,48
12/21/2022,07-14-13-54-30-19,7,14,13,54,30,19,7,13,14,19,30,54
12/24/2022,41-47-09-51-21-43,41,47,9,51,21,43,9,21,41,43,47,51
12/26/2022,05-21-20-10-29-50,5,21,20,10,29,50,5,10,20,21,29,50
12/28/2022,30-25-20-41-17-42,30,25,20,41,17,42,17,20,25,30,41,42
12/31/2022,05-35-13-39-27-09,5,35,13,39,27,9,5,9,13,27,35,39
1/2/2023,30-33-54-43-41-32,30,33,54,43,41,32,30,32,33,41,43,54
1/4/2023,08-49-02-44-07-19,8,49,2,44,7,19,2,7,8,19,44,49
1/7/2023,44-13-19-33-27-39,44,13,19,33,27,39,13,19,27,33,39,44
1/9/2023,35-07-11-30-23-55,35,7,11,30,23,55,7,11,23,30,35,55
1/11/2023,39-43-18-07-29-52,39,43,18,7,29,52,7,18,29,39,43,52
1/14/2023,47-34-06-15-51-01,47,34,6,15,51,1,1,6,15,34,47,51
1/16/2023,16-44-36-47-37-13,16,44,36,47,37,13,13,16,36,37,44,47
1/18/2023,04-52-21-48-15-30,4,52,21,48,15,30,4,15,21,30,48,52
1/21/2023,03-44-10-13-23-11,3,44,10,13,23,11,3,10,11,13,23,44
1/23/2023,27-49-07-04-26-33,27,49,7,4,26,33,4,7,26,27,33,49
1/25/2023,40-30-44-33-51-27,40,30,44,33,51,27,27,30,33,40,44,51
1/28/2023,10-34-28-46-04-14,10,34,28,46,4,14,4,10,14,28,34,46
1/30/2023,03-15-27-35-16-51,3,15,27,35,16,51,3,15,16,27,35,51
2/1/2023,40-08-45-06-23-41,40,8,45,6,23,41,6,8,23,40,41,45
2/4/2023,08-17-12-01-35-03,8,17,12,1,35,3,1,3,8,12,17,35
2/6/2023,24-04-40-46-38-21,24,4,40,46,38,21,4,21,24,38,40,46
2/8/2023,32-19-43-27-29-45,32,19,43,27,29,45,19,27,29,32,43,45
2/11/2023,04-25-21-53-23-27,4,25,21,53,23,27,4,21,23,25,27,53
2/13/2023,17-15-40-42-38-51,17,15,40,42,38,51,15,17,38,40,42,51
2/15/2023,07-25-15-22-44-54,7,25,15,22,44,54,7,15,22,25,44,54
2/18/2023,55-44-03-14-41-16,55,44,3,14,41,16,3,14,16,41,44,55
2/20/2023,15-20-08-28-19-05,15,20,8,28,19,5,5,8,15,19,20,28
2/22/2023,34-33-50-17-27-13,34,33,50,17,27,13,13,17,27,33,34,50
2/25/2023,44-32-31-41-29-46,44,32,31,41,29,46,29,31,32,41,44,46
2/27/2023,09-08-05-01-30-52,9,8,5,1,30,52,1,5,8,9,30,52
3/1/2023,08-26-17-41-37-49,8,26,17,41,37,49,8,17,26,37,41,49
3/4/2023,53-48-40-23-24-02,53,48,40,23,24,2,2,23,24,40,48,53
3/6/2023,14-29-09-06-38-15,14,29,9,6,38,15,6,9,14,15,29,38
3/8/2023,48-36-42-55-11-22,48,36,42,55,11,22,11,22,36,42,48,55
3/11/2023,45-29-12-03-26-51,45,29,12,3,26,51,3,12,26,29,45,51
3/13/2023,16-21-25-29-15-06,16,21,25,29,15,6,6,15,16,21,25,29
3/15/2023,01-24-39-06-53-40,1,24,39,6,53,40,1,6,24,39,40,53
3/18/2023,26-03-43-10-54-14,26,3,43,10,54,14,3,10,14,26,43,54
3/20/2023,07-50-38-34-51-22,7,50,38,34,51,22,7,22,34,38,50,51
3/22/2023,25-50-49-38-21-19,25,50,49,38,21,19,19,21,25,38,49,50
3/25/2023,49-53-03-31-22-08,49,53,3,31,22,8,3,8,22,31,49,53
3/27/2023,36-38-47-43-28-15,36,38,47,43,28,15,15,28,36,38,43,47
3/29/2023,26-23-34-41-45-29,26,23,34,41,45,29,23,26,29,34,41,45
4/1/2023,05-33-49-47-28-42,5,33,49,47,28,42,5,28,33,42,47,49
4/3/2023,21-37-33-34-55-25,21,37,33,34,55,25,21,25,33,34,37,55
4/5/2023,05-15-43-06-22-18,5,15,43,6,22,18,5,6,15,18,22,43
4/10/2023,23-28-25-24-36-30,23,28,25,24,36,30,23,24,25,28,30,36
4/12/2023,07-10-09-55-28-18,7,10,9,55,28,18,7,9,10,18,28,55
4/15/2023,51-19-41-14-35-20,51,19,41,14,35,20,14,19,20,35,41,51
4/17/2023,29-13-53-27-54-23,29,13,53,27,54,23,13,23,27,29,53,54
4/19/2023,20-02-52-13-44-45,20,2,52,13,44,45,2,13,20,44,45,52
4/22/2023,53-02-05-41-09-51,53,2,5,41,9,51,2,5,9,41,51,53
4/24/2023,44-26-51-11-21-45,44,26,51,11,21,45,11,21,26,44,45,51
4/26/2023,05-48-14-09-33-02,5,48,14,9,33,2,2,5,9,14,33,48
4/29/2023,53-17-37-13-23-04,53,17,37,13,23,4,4,13,17,23,37,53
5/1/2023,03-11-02-51-31-43,3,11,2,51,31,43,2,3,11,31,43,51
5/3/2023,19-46-03-34-04-28,19,46,3,34,4,28,3,4,19,28,34,46
5/6/2023,04-16-26-24-14-47,4,16,26,24,14,47,4,14,16,24,26,47
5/8/2023,43-14-01-15-33-45,43,14,1,15,33,45,1,14,15,33,43,45
5/10/2023,42-17-06-08-12-04,42,17,6,8,12,4,4,6,8,12,17,42
5/13/2023,09-43-46-51-36-16,9,43,46,51,36,16,9,16,36,43,46,51
5/15/2023,15-18-02-29-16-24,15,18,2,29,16,24,2,15,16,18,24,29
5/17/2023,46-18-15-08-27-37,46,18,15,8,27,37,8,15,18,27,37,46
5/20/2023,01-33-43-53-26-20,1,33,43,53,26,20,1,20,26,33,43,53
5/22/2023,28-32-12-09-18-50,28,32,12,9,18,50,9,12,18,28,32,50
5/24/2023,48-10-18-42-30-54,48,10,18,42,30,54,10,18,30,42,48,54
5/27/2023,45-08-40-02-15-19,45,8,40,2,15,19,2,8,15,19,40,45
5/29/2023,48-24-47-39-33-15,48,24,47,39,33,15,15,24,33,39,47,48
5/31/2023,02-39-53-49-27-55,2,39,53,49,27,55,2,27,39,49,53,55
6/3/2023,04-13-51-37-34-01,4,13,51,37,34,1,1,4,13,34,37,51
6/5/2023,11-17-28-06-09-01,11,17,28,6,9,1,1,6,9,11,17,28
6/7/2023,17-20-29-02-22-39,17,20,29,2,22,39,2,17,20,22,29,39
6/10/2023,19-27-28-05-33-10,19,27,28,5,33,10,5,10,19,27,28,33
6/12/2023,54-22-23-49-42-41,54,22,23,49,42,41,22,23,41,42,49,54
6/14/2023,30-14-05-27-34-42,30,14,5,27,34,42,5,14,27,30,34,42
6/17/2023,18-15-43-25-34-19,18,15,43,25,34,19,15,18,19,25,34,43
6/19/2023,20-13-19-43-24-15,20,13,19,43,24,15,13,15,19,20,24,43
6/21/2023,11-04-43-36-51-18,11,4,43,36,51,18,4,11,18,36,43,51
6/24/2023,10-18-33-39-23-11,10,18,33,39,23,11,10,11,18,23,33,39
6/26/2023,28-10-01-35-30-48,28,10,1,35,30,48,1,10,28,30,35,48
6/28/2023,47-45-41-06-37-48,47,45,41,6,37,48,6,37,41,45,47,48
7/1/2023,21-26-15-48-35-30,21,26,15,48,35,30,15,21,26,30,35,48
7/3/2023,20-22-52-54-33-30,20,22,52,54,33,30,20,22,30,33,52,54
7/5/2023,05-01-27-26-44-11,5,1,27,26,44,11,1,5,11,26,27,44
7/8/2023,48-24-02-12-42-43,48,24,2,12,42,43,2,12,24,42,43,48
7/10/2023,28-40-38-35-19-52,28,40,38,35,19,52,19,28,35,38,40,52
7/12/2023,19-32-25-12-17-36,19,32,25,12,17,36,12,17,19,25,32,36
7/15/2023,34-46-48-23-21-30,34,46,48,23,21,30,21,23,30,34,46,48
7/17/2023,55-35-42-23-11-01,55,35,42,23,11,1,1,11,23,35,42,55
7/19/2023,48-28-17-55-47-22,48,28,17,55,47,22,17,22,28,47,48,55
7/22/2023,15-38-23-28-03-49,15,38,23,28,3,49,3,15,23,28,38,49
7/24/2023,49-55-20-52-36-47,49,55,20,52,36,47,20,36,47,49,52,55
7/26/2023,54-02-03-21-13-06,54,2,3,21,13,6,2,3,6,13,21,54
7/29/2023,03-24-19-01-17-11,3,24,19,1,17,11,1,3,11,17,19,24
7/31/2023,11-36-23-34-15-27,11,36,23,34,15,27,11,15,23,27,34,36
8/2/2023,46-38-43-04-08-17,46,38,43,4,8,17,4,8,17,38,43,46
8/5/2023,43-15-02-33-16-25,43,15,2,33,16,25,2,15,16,25,33,43
8/7/2023,51-01-43-13-18-53,51,1,43,13,18,53,1,13,18,43,51,53
8/9/2023,16-01-06-34-02-38,16,1,6,34,2,38,1,2,6,16,34,38
8/12/2023,54-55-26-45-43-24,54,55,26,45,43,24,24,26,43,45,54,55
8/14/2023,04-03-33-07-20-22,4,3,33,7,20,22,3,4,7,20,22,33
8/16/2023,07-11-06-15-49-12,7,11,6,15,49,12,6,7,11,12,15,49
8/19/2023,41-39-14-09-31-04,41,39,14,9,31,4,4,9,14,31,39,41
8/21/2023,23-25-01-26-14-28,23,25,1,26,14,28,1,14,23,25,26,28
8/23/2023,18-12-29-07-28-50,18,12,29,7,28,50,7,12,18,28,29,50
8/26/2023,42-28-30-34-33-01,42,28,30,34,33,1,1,28,30,33,34,42
8/28/2023,41-17-07-51-39-46,41,17,7,51,39,46,7,17,39,41,46,51
8/30/2023,12-04-48-06-43-55,12,4,48,6,43,55,4,6,12,43,48,55
9/2/2023,10-02-17-04-35-51,10,2,17,4,35,51,2,4,10,17,35,51
9/4/2023,55-50-06-45-12-40,55,50,6,45,12,40,6,12,40,45,50,55
9/6/2023,50-48-02-55-46-09,50,48,2,55,46,9,2,9,46,48,50,55
9/9/2023,42-32-54-44-11-39,42,32,54,44,11,39,11,32,39,42,44,54
9/11/2023,31-54-29-52-24-12,31,54,29,52,24,12,12,24,29,31,52,54
9/13/2023,45-23-11-13-46-04,45,23,11,13,46,4,4,11,13,23,45,46
9/16/2023,09-27-44-49-11-24,9,27,44,49,11,24,9,11,24,27,44,49
9/18/2023,09-02-26-49-22-30,9,2,26,49,22,30,2,9,22,26,30,49
9/20/2023,03-31-28-37-55-25,3,31,28,37,55,25,3,25,28,31,37,55
9/23/2023,39-52-45-22-11-17,39,52,45,22,11,17,11,17,22,39,45,52
9/25/2023,30-17-06-12-04-29,30,17,6,12,4,29,4,6,12,17,29,30
9/27/2023,18-35-36-34-20-21,18,35,36,34,20,21,18,20,21,34,35,36
9/30/2023,11-40-03-53-44-38,11,40,3,53,44,38,3,11,38,40,44,53
10/2/2023,47-02-04-44-54-25,47,2,4,44,54,25,2,4,25,44,47,54
10/4/2023,50-39-30-40-33-18,50,39,30,40,33,18,18,30,33,39,40,50
10/7/2023,46-29-17-54-30-50,46,29,17,54,30,50,17,29,30,46,50,54
10/9/2023,03-30-05-06-02-14,3,30,5,6,2,14,2,3,5,6,14,30
10/11/2023,14-07-37-20-47-43,14,7,37,20,47,43,7,14,20,37,43,47
10/14/2023,55-37-09-26-10-43,55,37,9,26,10,43,9,10,26,37,43,55
10/16/2023,11-48-25-02-30-38,11,48,25,2,30,38,2,11,25,30,38,48
10/18/2023,12-34-03-29-15-40,12,34,3,29,15,40,3,12,15,29,34,40
10/21/2023,04-42-44-49-39-21,4,42,44,49,39,21,4,21,39,42,44,49
10/23/2023,54-49-42-39-19-35,54,49,42,39,19,35,19,35,39,42,49,54
10/25/2023,51-50-27-49-11-24,51,50,27,49,11,24,11,24,27,49,50,51
10/28/2023,44-17-07-49-35-14,44,17,7,49,35,14,7,14,17,35,44,49
10/30/2023,14-32-54-44-52-47,14,32,54,44,52,47,14,32,44,47,52,54
11/1/2023,46-43-06-30-15-01,46,43,6,30,15,1,1,6,15,30,43,46
11/4/2023,33-18-47-26-24-20,33,18,47,26,24,20,18,20,24,26,33,47
11/6/2023,33-25-10-14-18-51,33,25,10,14,18,51,10,14,18,25,33,51
11/8/2023,21-33-32-54-01-52,21,33,32,54,1,52,1,21,32,33,52,54
11/11/2023,52-08-41-11-27-31,52,8,41,11,27,31,8,11,27,31,41,52
11/13/2023,48-02-54-41-19-35,48,2,54,41,19,35,2,19,35,41,48,54
11/15/2023,52-05-06-38-27-53,52,5,6,38,27,53,5,6,27,38,52,53
11/18/2023,42-52-49-50-32-08,42,52,49,50,32,8,8,32,42,49,50,52
11/20/2023,38-17-27-33-42-48,38,17,27,33,42,48,17,27,33,38,42,48
11/22/2023,06-10-02-17-23-51,6,10,2,17,23,51,2,6,10,17,23,51
11/25/2023,11-26-46-05-38-50,11,26,46,5,38,50,5,11,26,38,46,50
11/27/2023,51-32-11-19-40-10,51,32,11,19,40,10,10,11,19,32,40,51
11/29/2023,38-18-45-20-31-51,38,18,45,20,31,51,18,20,31,38,45,51
12/2/2023,29-30-11-09-46-32,29,30,11,9,46,32,9,11,29,30,32,46
12/4/2023,46-26-37-01-27-08,46,26,37,1,27,8,1,8,26,27,37,46
12/6/2023,04-32-52-06-46-26,4,32,52,6,46,26,4,6,26,32,46,52
12/9/2023,24-32-05-07-09-44,24,32,5,7,9,44,5,7,9,24,32,44
12/11/2023,33-03-55-41-01-09,33,3,55,41,1,9,1,3,9,33,41,55
12/13/2023,55-48-05-16-40-24,55,48,5,16,40,24,5,16,24,40,48,55
12/16/2023,25-20-24-28-06-09,25,20.00,24,28,6,9,6,9,20,24,25,28