date,results,slot 1,slot 2,slot 3,slot 4,slot 5,slot 6,sorted1,sorted2,sorted3,sorted4,sorted5,sorted6
1/2/2008,1-5-24-30-35-36,1,5,24,30,35,36,1,5,24,30,35,36
1/4/2008,25-27-32-34-37-42,25,27,32,34,37,42,25,27,32,34,37,42
1/7/2008,11-17-18-22-33-41,11,17,18,22,33,41,11,17,18,22,33,41
1/9/2008,3-10-16-21-38-43,3,10,16,21,38,43,3,10,16,21,38,43
1/11/2008,9-12-20-26-30-39,9,12,20,26,30,39,9,12,20,26,30,39
1/14/2008,3-19-25-27-31-32,3,19,25,27,31,32,3,19,25,27,31,32
1/16/2008,10-15-18-19-29-33,10,15,18,19,29,33,10,15,18,19,29,33
1/18/2008,10-11-17-26-38-45,10,11,17,26,38,45,10,11,17,26,38,45
1/21/2008,3-26-28-33-38-43,3,26,28,33,38,43,3,26,28,33,38,43
1/23/2008,1-4-8-14-20-37,1,4,8,14,20,37,1,4,8,14,20,37
1/25/2008,2-5-10-34-40-42,2,5,10,34,40,42,2,5,10,34,40,42
1/28/2008,7-14-15-18-25-40,7,14,15,18,25,40,7,14,15,18,25,40
1/30/2008,11-23-25-29-31-36,11,23,25,29,31,36,11,23,25,29,31,36
2/1/2008,13-14-15-18-21-45,13,14,15,18,21,45,13,14,15,18,21,45
2/4/2008,4-9-21-25-26-41,4,9,21,25,26,41,4,9,21,25,26,41
2/6/2008,5-7-24-26-32-38,5,7,24,26,32,38,5,7,24,26,32,38
2/8/2008,1-3-7-33-35-44,1,3,7,33,35,44,1,3,7,33,35,44
2/11/2008,4-12-13-19-33-42,4,12,13,19,33,42,4,12,13,19,33,42
2/13/2008,3-5-27-30-32-43,3,5,27,30,32,43,3,5,27,30,32,43
2/15/2008,9-17-31-38-43-45,9,17,31,38,43,45,9,17,31,38,43,45
2/18/2008,3-8-25-29-34-38,3,8,25,29,34,38,3,8,25,29,34,38
2/20/2008,5-11-17-20-29-32,5,11,17,20,29,32,5,11,17,20,29,32
2/22/2008,5-6-10-19-24-43,5,6,10,19,24,43,5,6,10,19,24,43
2/25/2008,3-9-14-16-22-33,3,9,14,16,22,33,3,9,14,16,22,33
2/27/2008,5-12-17-25-30-45,5,12,17,25,30,45,5,12,17,25,30,45
2/29/2008,4-18-32-35-38-40,4,18,32,35,38,40,4,18,32,35,38,40
3/3/2008,8-9-20-22-31-33,8,9,20,22,31,33,8,9,20,22,31,33
3/5/2008,3-4-7-21-33-34,3,4,7,21,33,34,3,4,7,21,33,34
3/7/2008,6-16-17-20-26-35,6,16,17,20,26,35,6,16,17,20,26,35
3/10/2008,7-8-13-15-28-38,7,8,13,15,28,38,7,8,13,15,28,38
3/12/2008,9-34-35-36-37-41,9,34,35,36,37,41,9,34,35,36,37,41
3/14/2008,7-18-19-23-24-25,7,18,19,23,24,25,7,18,19,23,24,25
3/17/2008,16-19-29-34-36-44,16,19,29,34,36,44,16,19,29,34,36,44
3/19/2008,10-19-30-36-40-45,10,19,30,36,40,45,10,19,30,36,40,45
3/24/2008,3-4-15-18-22-32,3,4,15,18,22,32,3,4,15,18,22,32
3/26/2008,11-17-20-22-33-45,11,17,20,22,33,45,11,17,20,22,33,45
3/28/2008,11-13-14-20-25-43,11,13,14,20,25,43,11,13,14,20,25,43
3/31/2008,9-16-20-21-35-37,9,16,20,21,35,37,9,16,20,21,35,37
4/2/2008,4-14-16-18-29-33,4,14,16,18,29,33,4,14,16,18,29,33
4/4/2008,2-14-19-33-40-45,2,14,19,33,40,45,2,14,19,33,40,45
4/7/2008,1-6-10-18-28-38,1,6,10,18,28,38,1,6,10,18,28,38
4/9/2008,1-6-18-21-32-34,1,6,18,21,32,34,1,6,18,21,32,34
4/11/2008,12-19-20-32-36-37,12,19,20,32,36,37,12,19,20,32,36,37
4/14/2008,13-18-21-27-30-32,13,18,21,27,30,32,13,18,21,27,30,32
4/16/2008,6-13-17-21-32-45,6,13,17,21,32,45,6,13,17,21,32,45
4/18/2008,13-14-20-25-37-44,13,14,20,25,37,44,13,14,20,25,37,44
4/21/2008,19-28-33-36-39-44,19,28,33,36,39,44,19,28,33,36,39,44
4/23/2008,3-6-10-21-27-44,3,6,10,21,27,44,3,6,10,21,27,44
4/25/2008,1-14-17-23-25-42,1,14,17,23,25,42,1,14,17,23,25,42
4/28/2008,3-7-11-35-41-43,3,7,11,35,41,43,3,7,11,35,41,43
4/30/2008,6-12-19-23-24-37,6,12,19,23,24,37,6,12,19,23,24,37
5/2/2008,1-8-17-23-27-30,1,8,17,23,27,30,1,8,17,23,27,30
5/5/2008,9-22-26-32-41-45,9,22,26,32,41,45,9,22,26,32,41,45
5/7/2008,12-26-27-35-37-41,12,26,27,35,37,41,12,26,27,35,37,41
5/9/2008,4-14-19-34-40-41,4,14,19,34,40,41,4,14,19,34,40,41
5/12/2008,4-7-10-18-35-43,4,7,10,18,35,43,4,7,10,18,35,43
5/14/2008,7-8-17-22-33-42,7,8,17,22,33,42,7,8,17,22,33,42
5/16/2008,13-26-37-40-42-43,13,26,37,40,42,43,13,26,37,40,42,43
5/19/2008,9-15-20-27-30-32,9,15,20,27,30,32,9,15,20,27,30,32
5/21/2008,2-25-29-35-37-41,2,25,29,35,37,41,2,25,29,35,37,41
5/23/2008,8-20-21-22-30-33,8,20,21,22,30,33,8,20,21,22,30,33
5/26/2008,1-2-9-33-37-44,1,2,9,33,37,44,1,2,9,33,37,44
5/28/2008,2-6-17-18-23-39,2,6,17,18,23,39,2,6,17,18,23,39
5/30/2008,11-14-19-29-39-44,11,14,19,29,39,44,11,14,19,29,39,44
6/2/2008,7-17-25-26-33-36,7,17,25,26,33,36,7,17,25,26,33,36
6/4/2008,5-6-12-22-30-32,5,6,12,22,30,32,5,6,12,22,30,32
6/6/2008,6-16-30-34-41-43,6,16,30,34,41,43,6,16,30,34,41,43
6/9/2008,6-8-20-36-39-44,6,8,20,36,39,44,6,8,20,36,39,44
6/11/2008,16-18-23-28-32-39,16,18,23,28,32,39,16,18,23,28,32,39
6/13/2008,2-6-22-34-35-39,2,6,22,34,35,39,2,6,22,34,35,39
6/16/2008,3-7-21-22-24-26,3,7,21,22,24,26,3,7,21,22,24,26
6/18/2008,10-34-32-25-11-44,10,34,32,25,11,44,10,11,25,32,34,44
6/20/2008,08-41-42-30-17-37,8,41,42,30,17,37,8,17,30,37,41,42
6/23/2008,29-22-05-23-44-12,29,22,5,23,44,12,5,12,22,23,29,44
6/25/2008,45-08-24-26-15-38,45,8,24,26,15,38,8,15,24,26,38,45
6/27/2008,44-03-11-18-25-13,44,3,11,18,25,13,3,11,13,18,25,44
6/30/2008,29-31-39-42-44-11,29,31,39,42,44,11,11,29,31,39,42,44
7/2/2008,18-14-32-01-03-38,18,14,32,1,3,38,1,3,14,18,32,38
7/4/2008,31-28-26-39-12-42,31,28,26,39,12,42,12,26,28,31,39,42
7/7/2008,23-22-30-02-18-19,23,22,30,2,18,19,2,18,19,22,23,30
7/9/2008,13-30-11-10-08-16,13,30,11,10,8,16,8,10,11,13,16,30
7/11/2008,13-16-24-31-17-08,13,16,24,31,17,8,8,13,16,17,24,31
7/14/2008,25-35-10-27-15-08,25,35,10,27,15,8,8,10,15,25,27,35
7/16/2008,36-28-03-35-30-12,36,28,3,35,30,12,3,12,28,30,35,36
7/18/2008,15-07-29-09-16-43,15,7,29,9,16,43,7,9,15,16,29,43
7/21/2008,04-14-20-37-02-18,4,14,20,37,2,18,2,4,14,18,20,37
7/23/2008,06-31-33-12-18-11,6,31,33,12,18,11,6,11,12,18,31,33
7/25/2008,23-05-19-11-31-44,23,5,19,11,31,44,5,11,19,23,31,44
7/28/2008,04-21-08-24-07-42,4,21,8,24,7,42,4,7,8,21,24,42
7/30/2008,35-25-24-23-34-44,35,25,24,23,34,44,23,24,25,34,35,44
8/1/2008,36-19-29-43-02-17,36,19,29,43,2,17,2,17,19,29,36,43
8/4/2008,43-11-32-40-16-02,43,11,32,40,16,2,2,11,16,32,40,43
8/6/2008,03-23-42-11-05-15,3,23,42,11,5,15,3,5,11,15,23,42
8/8/2008,14-45-16-19-04-21,14,45,16,19,4,21,4,14,16,19,21,45
8/11/2008,17-01-11-42-15-33,17,1,11,42,15,33,1,11,15,17,33,42
8/13/2008,04-34-37-19-17-42,4,34,37,19,17,42,4,17,19,34,37,42
8/15/2008,28-12-18-27-10-38,28,12,18,27,10,38,10,12,18,27,28,38
8/18/2008,19-06-15-37-25-31,19,6,15,37,25,31,6,15,19,25,31,37
8/20/2008,40-22-44-18-36-17,40,22,44,18,36,17,17,18,22,36,40,44
8/22/2008,30-17-34-28-16-05,30,17,34,28,16,5,5,16,17,28,30,34
8/25/2008,22-02-03-42-13-17,22,2,3,42,13,17,2,3,13,17,22,42
8/27/2008,18-01-42-15-43-20,18,1,42,15,43,20,1,15,18,20,42,43
8/29/2008,16-34-36-19-42-43,16,34,36,19,42,43,16,19,34,36,42,43
9/1/2008,14-13-45-41-15-19,14,13,45,41,15,19,13,14,15,19,41,45
9/3/2008,15-32-26-25-11-27,15,32,26,25,11,27,11,15,25,26,27,32
9/5/2008,26-37-34-20-03-25,26,37,34,20,3,25,3,20,25,26,34,37
9/8/2008,27-24-37-19-02-39,27,24,37,19,2,39,2,19,24,27,37,39
9/10/2008,42-25-22-35-41-15,42,25,22,35,41,15,15,22,25,35,41,42
9/12/2008,06-36-20-30-16-02,6,36,20,30,16,2,2,6,16,20,30,36
9/15/2008,03-15-21-06-32-09,3,15,21,6,32,9,3,6,9,15,21,32
9/17/2008,19-15-43-17-24-18,19,15,43,17,24,18,15,17,18,19,24,43
9/19/2008,39-10-32-09-28-22,39,10,32,9,28,22,9,10,22,28,32,39
9/22/2008,32-04-31-42-11-30,32,4,31,42,11,30,4,11,30,31,32,42
9/24/2008,29-15-19-05-30-43,29,15,19,5,30,43,5,15,19,29,30,43
9/26/2008,02-33-07-23-27-43,2,33,7,23,27,43,2,7,23,27,33,43
9/29/2008,08-37-10-24-26-09,8,37,10,24,26,9,8,9,10,24,26,37
10/1/2008,03-09-07-38-26-06,3,9,7,38,26,6,3,6,7,9,26,38
10/3/2008,35-22-19-31-13-05,35,22,19,31,13,5,5,13,19,22,31,35
10/6/2008,10-14-33-32-38-37,10,14,33,32,38,37,10,14,32,33,37,38
10/8/2008,44-08-25-32-37-42,44,8,25,32,37,42,8,25,32,37,42,44
10/10/2008,05-09-30-32-36-07,5,9,30,32,36,7,5,7,9,30,32,36
10/13/2008,24-28-02-35-07-27,24,28,2,35,7,27,2,7,24,27,28,35
10/15/2008,33-42-28-34-08-17,33,42,28,34,8,17,8,17,28,33,34,42
10/17/2008,03-22-26-35-40-37,3,22,26,35,40,37,3,22,26,35,37,40
10/20/2008,31-45-34-29-13-32,31,45,34,29,13,32,13,29,31,32,34,45
10/22/2008,29-35-18-06-23-04,29,35,18,6,23,4,4,6,18,23,29,35
10/24/2008,42-04-33-45-18-28,42,4,33,45,18,28,4,18,28,33,42,45
10/27/2008,16-17-26-03-23-28,16,17,26,3,23,28,3,16,17,23,26,28
10/29/2008,22-04-30-15-12-09,22,4,30,15,12,9,4,9,12,15,22,30
10/31/2008,21-11-27-05-39-22,21,11,27,5,39,22,5,11,21,22,27,39
11/3/2008,14-22-33-45-17-32,14,22,33,45,17,32,14,17,22,32,33,45
11/5/2008,02-38-35-41-09-28,2,38,35,41,9,28,2,9,28,35,38,41
11/7/2008,33-10-30-35-06-43,33,10,30,35,6,43,6,10,30,33,35,43
11/10/2008,04-24-11-25-05-31,4,24,11,25,5,31,4,5,11,24,25,31
11/12/2008,05-42-30-14-07-13,5,42,30,14,7,13,5,7,13,14,30,42
11/14/2008,15-45-17-38-06-26,15,45,17,38,6,26,6,15,17,26,38,45
11/17/2008,13-36-21-34-23-01,13,36,21,34,23,1,1,13,21,23,34,36
11/19/2008,45-04-44-42-27-30,45,4,44,42,27,30,4,27,30,42,44,45
11/21/2008,45-05-18-04-36-24,45,5,18,4,36,24,4,5,18,24,36,45
11/24/2008,29-36-40-45-20-26,29,36,40,45,20,26,20,26,29,36,40,45
11/26/2008,29-16-14-36-24-15,29,16,14,36,24,15,14,15,16,24,29,36
11/28/2008,38-04-17-30-26-29,38,4,17,30,26,29,4,17,26,29,30,38
12/1/2008,13-12-42-23-38-17,13,12,42,23,38,17,12,13,17,23,38,42
12/3/2008,08-07-14-16-43-27,8,7,14,16,43,27,7,8,14,16,27,43
12/5/2008,40-17-07-45-21-12,40,17,7,45,21,12,7,12,17,21,40,45
12/8/2008,31-39-02-44-01-36,31,39,2,44,1,36,1,2,31,36,39,44
12/10/2008,38-43-03-36-21-13,38,43,3,36,21,13,3,13,21,36,38,43
12/12/2008,09-23-02-36-14-35,9,23,2,36,14,35,2,9,14,23,35,36
12/15/2008,01-19-40-35-12-08,1,19,40,35,12,8,1,8,12,19,35,40
12/17/2008,05-26-17-31-43-15,5,26,17,31,43,15,5,15,17,26,31,43
12/19/2008,32-09-14-21-20-30,32,9,14,21,20,30,9,14,20,21,30,32
12/22/2008,45-15-19-39-27-13,45,15,19,39,27,13,13,15,19,27,39,45
12/24/2008,39-25-08-43-13-27,39,25,8,43,13,27,8,13,25,27,39,43
12/26/2008,19-18-37-16-06-40,19,18,37,16,6,40,6,16,18,19,37,40
12/29/2008,29-31-02-14-05-01,29,31,2,14,5,1,1,2,5,14,29,31
12/31/2008,16-13-39-15-25-36,16,13,39,15,25,36,13,15,16,25,36,39
1/2/2009,10-12-07-45-36-40,10,12,7,45,36,40,7,10,12,36,40,45
1/5/2009,39-22-40-20-26-35,39,22,40,20,26,35,20,22,26,35,39,40
1/7/2009,17-14-18-35-03-08,17,14,18,35,3,8,3,8,14,17,18,35
1/9/2009,34-30-35-39-05-42,34,30,35,39,5,42,5,30,34,35,39,42
1/12/2009,12-02-43-38-05-24,12,2,43,38,5,24,2,5,12,24,38,43
1/14/2009,25-01-12-42-45-16,25,1,12,42,45,16,1,12,16,25,42,45
1/16/2009,25-06-02-26-32-15,25,6,2,26,32,15,2,6,15,25,26,32
1/19/2009,09-29-02-27-28-15,9,29,2,27,28,15,2,9,15,27,28,29
1/21/2009,39-06-11-29-44-01,39,6,11,29,44,1,1,6,11,29,39,44
1/23/2009,06-26-04-36-03-41,6,26,4,36,3,41,3,4,6,26,36,41
1/26/2009,37-40-20-30-28-42,37,40,20,30,28,42,20,28,30,37,40,42
1/28/2009,02-16-44-06-36-14,2,16,44,6,36,14,2,6,14,16,36,44
1/30/2009,37-05-45-15-41-28,37,5,45,15,41,28,5,15,28,37,41,45
2/2/2009,20-28-37-13-31-32,20,28,37,13,31,32,13,20,28,31,32,37
2/4/2009,29-18-37-32-15-17,29,18,37,32,15,17,15,17,18,29,32,37
2/6/2009,22-01-05-36-23-40,22,1,5,36,23,40,1,5,22,23,36,40
2/9/2009,36-35-25-17-23-15,36,35,25,17,23,15,15,17,23,25,35,36
2/11/2009,30-06-09-05-16-17,30,6,9,5,16,17,5,6,9,16,17,30
2/13/2009,37-01-10-41-02-12,37,1,10,41,2,12,1,2,10,12,37,41
2/16/2009,37-31-25-03-18-32,37,31,25,3,18,32,3,18,25,31,32,37
2/18/2009,29-10-26-15-09-19,29,10,26,15,9,19,9,10,15,19,26,29
2/20/2009,14-01-04-33-16-26,14,1,4,33,16,26,1,4,14,16,26,33
2/23/2009,14-40-26-11-17-15,14,40,26,11,17,15,11,14,15,17,26,40
2/25/2009,17-03-06-27-28-02,17,3,6,27,28,2,2,3,6,17,27,28
2/27/2009,01-14-24-19-22-11,1,14,24,19,22,11,1,11,14,19,22,24
3/2/2009,28-32-07-06-19-13,28,32,7,6,19,13,6,7,13,19,28,32
3/4/2009,16-12-21-31-18-24,16,12,21,31,18,24,12,16,18,21,24,31
3/6/2009,06-43-35-31-13-21,6,43,35,31,13,21,6,13,21,31,35,43
3/9/2009,41-45-33-28-31-10,41,45,33,28,31,10,10,28,31,33,41,45
3/11/2009,10-11-35-21-23-44,10,11,35,21,23,44,10,11,21,23,35,44
3/13/2009,27-21-16-18-37-11,27,21,16,18,37,11,11,16,18,21,27,37
3/16/2009,17-20-24-44-07-18,17,20,24,44,7,18,7,17,18,20,24,44
3/18/2009,16-38-02-43-27-12,16,38,2,43,27,12,2,12,16,27,38,43
3/20/2009,15-17-08-25-34-29,15,17,8,25,34,29,8,15,17,25,29,34
3/23/2009,22-21-03-10-35-06,22,21,3,10,35,6,3,6,10,21,22,35
3/25/2009,30-20-14-29-18-02,30,20,14,29,18,2,2,14,18,20,29,30
3/27/2009,04-17-10-29-02-26,4,17,10,29,2,26,2,4,10,17,26,29
3/30/2009,15-34-35-14-29-32,15,34,35,14,29,32,14,15,29,32,34,35
4/1/2009,32-24-20-27-43-28,32,24,20,27,43,28,20,24,27,28,32,43
4/3/2009,25-29-34-12-18-16,25,29,34,12,18,16,12,16,18,25,29,34
4/6/2009,37-03-33-21-30-11,37,3,33,21,30,11,3,11,21,30,33,37
4/8/2009,33-24-08-40-36-17,33,24,8,40,36,17,8,17,24,33,36,40
4/13/2009,03-33-09-34-15-17,3,33,9,34,15,17,3,9,15,17,33,34
4/15/2009,29-39-23-01-16-42,29,39,23,1,16,42,1,16,23,29,39,42
4/17/2009,41-26-35-05-11-10,41,26,35,5,11,10,5,10,11,26,35,41
4/20/2009,10-02-35-05-24-39,10,2,35,5,24,39,2,5,10,24,35,39
4/22/2009,41-42-09-35-44-10,41,42,9,35,44,10,9,10,35,41,42,44
4/24/2009,28-03-10-35-04-25,28,3,10,35,4,25,3,4,10,25,28,35
4/27/2009,42-05-03-13-21-01,42,5,3,13,21,1,1,3,5,13,21,42
4/29/2009,06-34-33-17-26-41,6,34,33,17,26,41,6,17,26,33,34,41
5/1/2009,01-05-42-34-29-38,1,5,42,34,29,38,1,5,29,34,38,42
5/4/2009,26-44-16-05-13-15,26,44,16,5,13,15,5,13,15,16,26,44
5/6/2009,09-41-29-44-30-45,9,41,29,44,30,45,9,29,30,41,44,45
5/8/2009,43-22-17-08-10-37,43,22,17,8,10,37,8,10,17,22,37,43
5/11/2009,21-08-42-24-16-38,21,8,42,24,16,38,8,16,21,24,38,42
5/13/2009,28-32-11-15-34-07,28,32,11,15,34,7,7,11,15,28,32,34
5/15/2009,21-28-36-22-41-32,21,28,36,22,41,32,21,22,28,32,36,41
5/18/2009,17-35-09-11-26-29,17,35,9,11,26,29,9,11,17,26,29,35
5/20/2009,25-38-10-15-21-39,25,38,10,15,21,39,10,15,21,25,38,39
5/22/2009,06-15-31-22-32-05,6,15,31,22,32,5,5,6,15,22,31,32
5/25/2009,37-24-19-39-11-08,37,24,19,39,11,8,8,11,19,24,37,39
5/27/2009,33-40-44-02-21-18,33,40,44,2,21,18,2,18,21,33,40,44
5/29/2009,13-03-32-41-10-14,13,3,32,41,10,14,3,10,13,14,32,41
6/1/2009,37-01-39-19-33-38,37,1,39,19,33,38,1,19,33,37,38,39
6/3/2009,26-11-42-23-15-30,26,11,42,23,15,30,11,15,23,26,30,42
6/5/2009,25-22-34-42-03-44,25,22,34,42,3,44,3,22,25,34,42,44
6/8/2009,24-31-19-11-23-12,24,31,19,11,23,12,11,12,19,23,24,31
6/10/2009,11-44-08-18-42-35,11,44,8,18,42,35,8,11,18,35,42,44
6/12/2009,17-45-34-21-36-24,17,45,34,21,36,24,17,21,24,34,36,45
6/15/2009,07-41-45-02-20-27,7,41,45,2,20,27,2,7,20,27,41,45
6/17/2009,17-29-39-26-28-22,17,29,39,26,28,22,17,22,26,28,29,39
6/19/2009,43-19-39-15-11-32,43,19,39,15,11,32,11,15,19,32,39,43
6/22/2009,14-15-34-35-10-31,14,15,34,35,10,31,10,14,15,31,34,35
6/24/2009,26-35-11-38-02-39,26,35,11,38,2,39,2,11,26,35,38,39
6/26/2009,25-31-42-29-23-39,25,31,42,29,23,39,23,25,29,31,39,42
6/29/2009,10-18-08-45-01-04,10,18,8,45,1,4,1,4,8,10,18,45
7/1/2009,31-18-43-24-36-44,31,18,43,24,36,44,18,24,31,36,43,44
7/3/2009,14-01-30-13-15-45,14,1,30,13,15,45,1,13,14,15,30,45
7/6/2009,23-19-45-04-43-13,23,19,45,4,43,13,4,13,19,23,43,45
7/8/2009,01-44-39-19-26-06,1,44,39,19,26,6,1,6,19,26,39,44
7/10/2009,10-04-16-45-03-02,10,4,16,45,3,2,2,3,4,10,16,45
7/13/2009,43-17-10-40-28-01,43,17,10,40,28,1,1,10,17,28,40,43
7/15/2009,11-30-09-42-33-13,11,30,9,42,33,13,9,11,13,30,33,42
7/17/2009,01-35-16-43-03-13,1,35,16,43,3,13,1,3,13,16,35,43
7/20/2009,17-07-03-21-06-26,17,7,3,21,6,26,3,6,7,17,21,26
7/22/2009,21-38-08-32-37-40,21,38,8,32,37,40,8,21,32,37,38,40
7/24/2009,32-19-09-33-39-29,32,19,9,33,39,29,9,19,29,32,33,39
7/27/2009,29-10-22-20-33-45,29,10,22,20,33,45,10,20,22,29,33,45
7/29/2009,20-29-35-07-32-13,20,29,35,7,32,13,7,13,20,29,32,35
7/31/2009,17-37-40-34-16-30,17,37,40,34,16,30,16,17,30,34,37,40
8/3/2009,45-32-44-16-19-15,45,32,44,16,19,15,15,16,19,32,44,45
8/5/2009,11-03-16-44-42-39,11,3,16,44,42,39,3,11,16,39,42,44
8/7/2009,15-14-31-06-07-03,15,14,31,6,7,3,3,6,7,14,15,31
8/7/2009,15-14-31-06-07-03,15,14,31,6,7,3,3,6,7,14,15,31
8/10/2009,44-18-20-23-16-04,44,18,20,23,16,4,4,16,18,20,23,44
8/12/2009,22-28-14-05-39-23,22,28,14,5,39,23,5,14,22,23,28,39
8/14/2009,41-33-23-02-30-18,41,33,23,2,30,18,2,18,23,30,33,41
8/17/2009,19-23-35-29-11-03,19,23,35,29,11,3,3,11,19,23,29,35
8/19/2009,43-31-15-27-35-39,43,31,15,27,35,39,15,27,31,35,39,43
8/21/2009,40-20-06-13-30-19,40,20,6,13,30,19,6,13,19,20,30,40
8/24/2009,04-27-43-08-44-18,4,27,43,8,44,18,4,8,18,27,43,44
8/26/2009,39-22-04-24-45-11,39,22,4,24,45,11,4,11,22,24,39,45
8/28/2009,19-09-21-04-32-29,19,9,21,4,32,29,4,9,19,21,29,32
8/31/2009,45-17-44-37-01-29,45,17,44,37,1,29,1,17,29,37,44,45
9/2/2009,10-15-35-17-45-24,10,15,35,17,45,24,10,15,17,24,35,45
9/4/2009,25-11-05-33-42-29,25,11,5,33,42,29,5,11,25,29,33,42
9/7/2009,38-04-02-25-08-43,38,4,2,25,8,43,2,4,8,25,38,43
9/9/2009,04-14-36-20-43-10,4,14,36,20,43,10,4,10,14,20,36,43
9/11/2009,44-09-37-38-29-02,44,9,37,38,29,2,2,9,29,37,38,44
9/14/2009,41-17-32-37-26-09,41,17,32,37,26,9,9,17,26,32,37,41
9/16/2009,40-22-19-09-45-11,40,22,19,9,45,11,9,11,19,22,40,45
9/18/2009,07-13-40-26-45-43,7,13,40,26,45,43,7,13,26,40,43,45
9/21/2009,41-01-38-03-10-32,41,1,38,3,10,32,1,3,10,32,38,41
9/23/2009,45-43-03-23-38-31,45,43,3,23,38,31,3,23,31,38,43,45
9/25/2009,37-11-03-01-18-14,37,11,3,1,18,14,1,3,11,14,18,37
9/28/2009,14-07-32-13-38-41,14,7,32,13,38,41,7,13,14,32,38,41
9/30/2009,19-04-09-41-01-21,19,4,9,41,1,21,1,4,9,19,21,41
10/2/2009,31-38-19-15-13-36,31,38,19,15,13,36,13,15,19,31,36,38
10/5/2009,28-44-42-39-29-02,28,44,42,39,29,2,2,28,29,39,42,44
10/7/2009,25-35-18-34-42-32,25,35,18,34,42,32,18,25,32,34,35,42
10/9/2009,45-26-25-32-18-09,45,26,25,32,18,9,9,18,25,26,32,45
10/12/2009,38-14-25-10-16-19,38,14,25,10,16,19,10,14,16,19,25,38
10/14/2009,19-01-29-36-27-09,19,1,29,36,27,9,1,9,19,27,29,36
10/16/2009,45-20-17-02-11-38,45,20,17,2,11,38,2,11,17,20,38,45
10/19/2009,08-26-29-38-45-12,8,26,29,38,45,12,8,12,26,29,38,45
10/21/2009,02-11-18-19-31-33,2,11,18,19,31,33,2,11,18,19,31,33
10/23/2009,27-22-13-36-02-01,27,22,13,36,2,1,1,2,13,22,27,36
10/26/2009,22-42-29-02-03-11,22,42,29,2,3,11,2,3,11,22,29,42
10/28/2009,04-36-32-25-41-10,4,36,32,25,41,10,4,10,25,32,36,41
10/30/2009,19-20-12-13-42-14,19,20,12,13,42,14,12,13,14,19,20,42
11/2/2009,22-45-17-21-20-16,22,45,17,21,20,16,16,17,20,21,22,45
11/4/2009,30-22-19-03-29-43,30,22,19,3,29,43,3,19,22,29,30,43
11/6/2009,12-30-37-05-08-28,12,30,37,5,8,28,5,8,12,28,30,37
11/9/2009,12-28-32-30-14-24,12,28,32,30,14,24,12,14,24,28,30,32
11/11/2009,11-45-43-08-38-42,11,45,43,8,38,42,8,11,38,42,43,45
11/13/2009,44-17-23-15-40-36,44,17,23,15,40,36,15,17,23,36,40,44
11/16/2009,10-21-35-24-07-09,10,21,35,24,7,9,7,9,10,21,24,35
11/18/2009,37-42-32-21-09-15,37,42,32,21,9,15,9,15,21,32,37,42
11/20/2009,31-35-17-12-19-25,31,35,17,12,19,25,12,17,19,25,31,35
11/23/2009,43-12-35-11-16-29,43,12,35,11,16,29,11,12,16,29,35,43
11/25/2009,10-27-21-19-01-15,10,27,21,19,1,15,1,10,15,19,21,27
11/27/2009,14-13-33-07-22-28,14,13,33,7,22,28,7,13,14,22,28,33
11/30/2009,24-29-39-30-42-32,24,29,39,30,42,32,24,29,30,32,39,42
12/2/2009,09-06-45-02-20-43,9,6,45,2,20,43,2,6,9,20,43,45
12/4/2009,13-24-11-10-12-29,13,24,11,10,12,29,10,11,12,13,24,29
12/7/2009,23-34-09-32-40-31,23,34,9,32,40,31,9,23,31,32,34,40
12/9/2009,15-02-14-30-32-23,15,2,14,30,32,23,2,14,15,23,30,32
12/11/2009,16-14-04-19-02-17,16,14,4,19,2,17,2,4,14,16,17,19
12/14/2009,05-09-27-21-23-45,5,9,27,21,23,45,5,9,21,23,27,45
12/16/2009,18-24-11-02-26-23,18,24,11,2,26,23,2,11,18,23,24,26
12/18/2009,01-42-04-25-18-08,1,42,4,25,18,8,1,4,8,18,25,42
12/21/2009,16-30-40-25-45-06,16,30,40,25,45,6,6,16,25,30,40,45
12/23/2009,39-02-11-25-29-40,39,2,11,25,29,40,2,11,25,29,39,40
12/28/2009,26-29-31-01-06-17,26,29,31,1,6,17,1,6,17,26,29,31
12/30/2009,33-42-22-04-28-39,33,42,22,4,28,39,4,22,28,33,39,42
1/4/2010,11-04-07-29-03-26,11,4,7,29,3,26,3,4,7,11,26,29
1/6/2010,36-34-29-24-25-07,36,34,29,24,25,7,7,24,25,29,34,36
1/8/2010,28-38-17-35-01-08,28,38,17,35,1,8,1,8,17,28,35,38
1/11/2010,03-38-06-13-20-31,3,38,6,13,20,31,3,6,13,20,31,38
1/13/2010,23-11-12-08-30-21,23,11,12,8,30,21,8,11,12,21,23,30
1/15/2010,21-33-31-32-40-13,21,33,31,32,40,13,13,21,31,32,33,40
1/18/2010,36-31-35-43-44-34,36,31,35,43,44,34,31,34,35,36,43,44
1/20/2010,27-36-24-42-37-44,27,36,24,42,37,44,24,27,36,37,42,44
1/22/2010,38-35-14-20-23-02,38,35,14,20,23,2,2,14,20,23,35,38
1/25/2010,28-11-12-45-20-34,28,11,12,45,20,34,11,12,20,28,34,45
1/27/2010,45-27-14-03-07-08,45,27,14,3,7,8,3,7,8,14,27,45
1/29/2010,42-01-27-33-23-24,42,1,27,33,23,24,1,23,24,27,33,42
2/1/2010,38-29-09-07-41-40,38,29,9,7,41,40,7,9,29,38,40,41
2/3/2010,23-43-32-12-13-35,23,43,32,12,13,35,12,13,23,32,35,43
2/5/2010,15-19-45-23-05-42,15,19,45,23,5,42,5,15,19,23,42,45
2/8/2010,36-27-08-12-34-28,36,27,8,12,34,28,8,12,27,28,34,36
2/10/2010,03-30-12-11-16-17,3,30,12,11,16,17,3,11,12,16,17,30
2/12/2010,24-19-45-09-34-02,24,19,45,9,34,2,2,9,19,24,34,45
2/15/2010,17-32-38-41-24-10,17,32,38,41,24,10,10,17,24,32,38,41
2/17/2010,16-38-44-13-32-40,16,38,44,13,32,40,13,16,32,38,40,44
2/19/2010,42-15-09-19-27-34,42,15,9,19,27,34,9,15,19,27,34,42
2/22/2010,37-43-36-32-42-08,37,43,36,32,42,8,8,32,36,37,42,43
2/24/2010,07-11-31-01-14-20,7,11,31,1,14,20,1,7,11,14,20,31
2/26/2010,20-19-34-29-28-24,20,19,34,29,28,24,19,20,24,28,29,34
3/1/2010,22-40-42-45-24-33,22,40,42,45,24,33,22,24,33,40,42,45
3/3/2010,44-18-37-13-39-11,44,18,37,13,39,11,11,13,18,37,39,44
3/5/2010,34-03-30-01-25-43,34,3,30,1,25,43,1,3,25,30,34,43
3/8/2010,25-21-11-22-18-32,25,21,11,22,18,32,11,18,21,22,25,32
3/10/2010,30-03-13-28-06-41,30,3,13,28,6,41,3,6,13,28,30,41
3/12/2010,07-16-24-27-26-44,7,16,24,27,26,44,7,16,24,26,27,44
3/15/2010,04-18-05-09-33-34,4,18,5,9,33,34,4,5,9,18,33,34
3/17/2010,35-13-25-33-08-34,35,13,25,33,8,34,8,13,25,33,34,35
3/19/2010,13-22-36-01-42-16,13,22,36,1,42,16,1,13,16,22,36,42
3/22/2010,12-38-01-41-35-42,12,38,1,41,35,42,1,12,35,38,41,42
3/24/2010,42-21-01-10-38-30,42,21,1,10,38,30,1,10,21,30,38,42
3/26/2010,37-26-13-16-10-43,37,26,13,16,10,43,10,13,16,26,37,43
3/29/2010,44-19-24-14-07-26,44,19,24,14,7,26,7,14,19,24,26,44
3/31/2010,30-06-36-11-17-03,30,6,36,11,17,3,3,6,11,17,30,36
4/5/2010,36-37-18-12-33-14,36,37,18,12,33,14,12,14,18,33,36,37
4/7/2010,15-01-19-10-44-04,15,1,19,10,44,4,1,4,10,15,19,44
4/9/2010,24-44-26-20-02-08,24,44,26,20,2,8,2,8,20,24,26,44
4/12/2010,26-39-42-13-30-36,26,39,42,13,30,36,13,26,30,36,39,42
4/14/2010,39-44-38-36-19-02,39,44,38,36,19,2,2,19,36,38,39,44
4/19/2010,06-21-07-14-26-39,6,21,7,14,26,39,6,7,14,21,26,39
4/21/2010,31-17-40-23-20-39,31,17,40,23,20,39,17,20,23,31,39,40
4/23/2010,01-31-34-02-37-32,1,31,34,2,37,32,1,2,31,32,34,37
4/16/2010,40-07-31-27-10-32,40,7,31,27,10,32,7,10,27,31,32,40
4/26/2010,28-04-15-39-11-36,28,4,15,39,11,36,4,11,15,28,36,39
4/28/2010,24-19-43-09-13-27,24,19,43,9,13,27,9,13,19,24,27,43
4/30/2010,05-21-15-19-29-24,5,21,15,19,29,24,5,15,19,21,24,29
5/3/2010,20-15-06-37-21-02,20,15,6,37,21,2,2,6,15,20,21,37
5/5/2010,15-29-19-01-36-09,15,29,19,1,36,9,1,9,15,19,29,36
5/7/2010,14-11-24-09-07-41,14,11,24,9,7,41,7,9,11,14,24,41
5/12/2010,22-29-19-35-44-45,22,29,19,35,44,45,19,22,29,35,44,45
5/14/2010,17-06-34-11-25-04,17,6,34,11,25,4,4,6,11,17,25,34
5/17/2010,17-22-13-02-11-38,17,22,13,2,11,38,2,11,13,17,22,38
5/19/2010,03-42-30-37-04-24,3,42,30,37,4,24,3,4,24,30,37,42
5/21/2010,44-14-23-30-42-38,44,14,23,30,42,38,14,23,30,38,42,44
5/24/2010,19-22-28-44-25-04,19,22,28,44,25,4,4,19,22,25,28,44
5/26/2010,41-31-17-01-29-12,41,31,17,1,29,12,1,12,17,29,31,41
5/28/2010,45-19-27-23-22-20,45,19,27,23,22,20,19,20,22,23,27,45
5/31/2010,33-26-17-27-13-43,33,26,17,27,13,43,13,17,26,27,33,43
6/2/2010,29-30-19-41-20-09,29,30,19,41,20,9,9,19,20,29,30,41
6/4/2010,31-07-05-03-30-28,31,7,5,3,30,28,3,5,7,28,30,31
6/7/2010,08-32-34-15-44-43,8,32,34,15,44,43,8,15,32,34,43,44
6/9/2010,35-29-16-30-40-02,35,29,16,30,40,2,2,16,29,30,35,40
6/11/2010,39-30-16-31-06-01,39,30,16,31,6,1,1,6,16,30,31,39
6/14/2010,43-26-01-24-08-19,43,26,1,24,8,19,1,8,19,24,26,43
6/16/2010,12-34-45-08-14-18,12,34,45,8,14,18,8,12,14,18,34,45
6/18/2010,28-30-26-43-09-31,28,30,26,43,9,31,9,26,28,30,31,43
6/21/2010,39-14-20-18-32-35,39,14,20,18,32,35,14,18,20,32,35,39
6/23/2010,19-30-27-07-05-37,19,30,27,7,5,37,5,7,19,27,30,37
6/25/2010,26-30-13-31-09-03,26,30,13,31,9,3,3,9,13,26,30,31
6/28/2010,44-02-08-06-45-33,44,2,8,6,45,33,2,6,8,33,44,45
6/30/2010,23-16-44-04-07-05,23,16,44,4,7,5,4,5,7,16,23,44
7/2/2010,35-41-05-04-36-01,35,41,5,4,36,1,1,4,5,35,36,41
7/5/2010,38-10-34-11-25-29,38,10,34,11,25,29,10,11,25,29,34,38
7/7/2010,31-27-17-25-40-30,31,27,17,25,40,30,17,25,27,30,31,40
7/9/2010,02-11-38-13-09-24,2,11,38,13,9,24,2,9,11,13,24,38
7/12/2010,06-38-11-28-20-33,6,38,11,28,20,33,6,11,20,28,33,38
7/16/2010,27-22-08-40-16-10,27,22,8,40,16,10,8,10,16,22,27,40
7/19/2010,10-36-15-40-12-30,10,36,15,40,12,30,10,12,15,30,36,40
7/21/2010,25-10-35-28-30-03,25,10,35,28,30,3,3,10,25,28,30,35
7/14/2010,42-21-44-35-26-29,42,21,44,35,26,29,21,26,29,35,42,44
7/23/2010,27-29-38-40-43-03,27,29,38,40,43,3,3,27,29,38,40,43
7/26/2010,23-02-25-44-27-15,23,2,25,44,27,15,2,15,23,25,27,44
7/28/2010,02-23-06-31-29-44,2,23,6,31,29,44,2,6,23,29,31,44
7/30/2010,45-14-26-10-34-36,45,14,26,10,34,36,10,14,26,34,36,45
8/2/2010,38-05-44-18-17-06,38,5,44,18,17,6,5,6,17,18,38,44
8/4/2010,28-15-36-27-44-14,28,15,36,27,44,14,14,15,27,28,36,44
8/6/2010,05-08-41-40-36-24,5,8,41,40,36,24,5,8,24,36,40,41
8/9/2010,12-43-13-28-01-37,12,43,13,28,1,37,1,12,13,28,37,43
8/11/2010,23-06-01-36-09-22,23,6,1,36,9,22,1,6,9,22,23,36
8/13/2010,38-01-37-21-24-25,38,1,37,21,24,25,1,21,24,25,37,38
8/16/2010,41-19-03-31-23-04,41,19,3,31,23,4,3,4,19,23,31,41
8/18/2010,15-19-06-16-33-04,15,19,6,16,33,4,4,6,15,16,19,33
8/20/2010,08-26-33-23-15-41,8,26,33,23,15,41,8,15,23,26,33,41
8/23/2010,26-32-21-31-28-38,26,32,21,31,28,38,21,26,28,31,32,38
8/25/2010,19-01-29-09-38-16,19,1,29,9,38,16,1,9,16,19,29,38
8/30/2010,13-14-28-25-21-03,13,14,28,25,21,3,3,13,14,21,25,28
8/27/2010,01-30-43-21-19-31,1,30,43,21,19,31,1,19,21,30,31,43
9/1/2010,21-10-12-44-01-45,21,10,12,44,1,45,1,10,12,21,44,45
9/3/2010,04-01-21-32-43-17,4,1,21,32,43,17,1,4,17,21,32,43
9/6/2010,06-27-44-42-04-02,6,27,44,42,4,2,2,4,6,27,42,44
9/8/2010,19-22-25-13-37-04,19,22,25,13,37,4,4,13,19,22,25,37
9/10/2010,31-29-17-33-14-04,31,29,17,33,14,4,4,14,17,29,31,33
9/13/2010,37-15-07-20-02-45,37,15,7,20,2,45,2,7,15,20,37,45
9/15/2010,15-40-32-06-27-20,15,40,32,6,27,20,6,15,20,27,32,40
9/17/2010,41-21-35-24-19-07,41,21,35,24,19,7,7,19,21,24,35,41
9/20/2010,03-22-26-16-35-08,3,22,26,16,35,8,3,8,16,22,26,35
9/22/2010,29-31-08-13-24-03,29,31,8,13,24,3,3,8,13,24,29,31
9/24/2010,07-17-22-38-43-12,7,17,22,38,43,12,7,12,17,22,38,43
9/27/2010,25-44-24-43-13-27,25,44,24,43,13,27,13,24,25,27,43,44
9/29/2010,08-22-15-11-17-32,8,22,15,11,17,32,8,11,15,17,22,32
10/1/2010,32-30-31-20-04-27,32,30,31,20,4,27,4,20,27,30,31,32
10/4/2010,14-25-26-37-36-08,14,25,26,37,36,8,8,14,25,26,36,37
10/6/2010,04-37-38-14-40-41,4,37,38,14,40,41,4,14,37,38,40,41
10/8/2010,28-26-39-29-41-25,28,26,39,29,41,25,25,26,28,29,39,41
10/11/2010,15-06-44-38-04-13,15,6,44,38,4,13,4,6,13,15,38,44
10/13/2010,05-23-43-09-34-11,5,23,43,9,34,11,5,9,11,23,34,43
10/15/2010,12-33-28-36-30-35,12,33,28,36,30,35,12,28,30,33,35,36
10/18/2010,39-22-44-42-23-25,39,22,44,42,23,25,22,23,25,39,42,44
10/20/2010,16-05-17-13-28-43,16,5,17,13,28,43,5,13,16,17,28,43
10/22/2010,13-25-37-45-14-36,13,25,37,45,14,36,13,14,25,36,37,45
10/25/2010,06-17-24-45-22-28,6,17,24,45,22,28,6,17,22,24,28,45
10/27/2010,28-08-44-06-11-14,28,8,44,6,11,14,6,8,11,14,28,44
10/29/2010,16-08-04-19-21-26,16,8,4,19,21,26,4,8,16,19,21,26
11/1/2010,17-05-26-06-03-21,17,5,26,6,3,21,3,5,6,17,21,26
11/3/2010,25-09-05-08-43-29,25,9,5,8,43,29,5,8,9,25,29,43
11/5/2010,11-25-19-24-31-06,11,25,19,24,31,6,6,11,19,24,25,31
11/8/2010,32-14-08-40-26-10,32,14,8,40,26,10,8,10,14,26,32,40
11/10/2010,26-09-11-06-02-37,26,9,11,6,2,37,2,6,9,11,26,37
11/12/2010,35-29-20-32-34-01,35,29,20,32,34,1,1,20,29,32,34,35
11/15/2010,11-17-43-39-32-19,11,17,43,39,32,19,11,17,19,32,39,43
11/17/2010,22-19-02-13-04-29,22,19,2,13,4,29,2,4,13,19,22,29
11/24/2010,31-20-17-25-05-33,31,20,17,25,5,33,5,17,20,25,31,33
11/19/2010,09-12-07-26-22-14,9,12,7,26,22,14,7,9,12,14,22,26
11/22/2010,10-42-21-08-36-45,10,42,21,8,36,45,8,10,21,36,42,45
11/26/2010,21-12-42-01-11-07,21,12,42,1,11,7,1,7,11,12,21,42
11/29/2010,31-35-02-16-33-43,31,35,2,16,33,43,2,16,31,33,35,43
12/1/2010,45-39-15-12-30-28,45,39,15,12,30,28,12,15,28,30,39,45
12/3/2010,40-27-18-11-36-20,40,27,18,11,36,20,11,18,20,27,36,40
12/6/2010,24-30-25-14-34-02,24,30,25,14,34,2,2,14,24,25,30,34
12/8/2010,39-16-10-43-32-27,39,16,10,43,32,27,10,16,27,32,39,43
12/10/2010,33-31-42-24-11-16,33,31,42,24,11,16,11,16,24,31,33,42
12/13/2010,27-13-39-10-37-15,27,13,39,10,37,15,10,13,15,27,37,39
12/15/2010,16-13-10-37-19-30,16,13,10,37,19,30,10,13,16,19,30,37
12/17/2010,36-03-10-06-11-17,36,3,10,6,11,17,3,6,10,11,17,36
12/20/2010,43-37-33-38-27-05,43,37,33,38,27,5,5,27,33,37,38,43
12/22/2010,44-36-26-29-27-34,44,36,26,29,27,34,26,27,29,34,36,44
12/24/2010,15-14-41-40-21-06,15,14,41,40,21,6,6,14,15,21,40,41
12/27/2010,19-10-07-13-43-06,19,10,7,13,43,6,6,7,10,13,19,43
12/29/2010,30-09-22-07-05-39,30,9,22,7,5,39,5,7,9,22,30,39
12/31/2010,40-35-27-38-26-13,40,35,27,38,26,13,13,26,27,35,38,40
1/3/2011,19-42-01-39-11-35,19,42,1,39,11,35,1,11,19,35,39,42
1/5/2011,35-28-03-23-14-18,35,28,3,23,14,18,3,14,18,23,28,35
1/7/2011,12-09-02-08-01-11,12,9,2,8,1,11,1,2,8,9,11,12
1/10/2011,43-29-20-19-35-45,43,29,20,19,35,45,19,20,29,35,43,45
1/12/2011,14-13-38-05-11-37,14,13,38,5,11,37,5,11,13,14,37,38
1/14/2011,11-25-16-30-26-04,11,25,16,30,26,4,4,11,16,25,26,30
1/17/2011,35-05-43-13-28-11,35,5,43,13,28,11,5,11,13,28,35,43
1/19/2011,05-36-33-10-41-44,5,36,33,10,41,44,5,10,33,36,41,44
1/21/2011,24-34-39-23-14-12,24,34,39,23,14,12,12,14,23,24,34,39
1/24/2011,07-03-37-21-09-04,7,3,37,21,9,4,3,4,7,9,21,37
1/26/2011,18-23-04-32-20-15,18,23,4,32,20,15,4,15,18,20,23,32
1/28/2011,04-05-36-43-20-31,4,5,36,43,20,31,4,5,20,31,36,43
1/31/2011,05-11-02-14-06-17,5,11,2,14,6,17,2,5,6,11,14,17
2/2/2011,27-25-26-38-34-33,27,25,26,38,34,33,25,26,27,33,34,38
2/4/2011,03-04-23-02-12-38,3,4,23,2,12,38,2,3,4,12,23,38
2/7/2011,21-45-18-11-25-38,21,45,18,11,25,38,11,18,21,25,38,45
2/9/2011,30-11-36-29-13-12,30,11,36,29,13,12,11,12,13,29,30,36
2/11/2011,35-40-17-19-33-07,35,40,17,19,33,7,7,17,19,33,35,40
2/14/2011,11-12-21-06-28-31,11,12,21,6,28,31,6,11,12,21,28,31
2/16/2011,29-23-06-03-02-15,29,23,6,3,2,15,2,3,6,15,23,29
2/18/2011,14-10-12-29-21-09,14,10,12,29,21,9,9,10,12,14,21,29
2/21/2011,01-03-04-45-06-18,1,3,4,45,6,18,1,3,4,6,18,45
2/23/2011,08-23-32-22-29-13,8,23,32,22,29,13,8,13,22,23,29,32
2/25/2011,21-41-35-39-24-25,21,41,35,39,24,25,21,24,25,35,39,41
2/28/2011,30-03-05-32-11-44,30,3,5,32,11,44,3,5,11,30,32,44
3/2/2011,24-30-16-19-25-27,24,30,16,19,25,27,16,19,24,25,27,30
3/4/2011,43-33-38-01-40-15,43,33,38,1,40,15,1,15,33,38,40,43
3/7/2011,22-04-03-06-32-30,22,4,3,6,32,30,3,4,6,22,30,32
3/9/2011,41-19-31-24-04-40,41,19,31,24,4,40,4,19,24,31,40,41
3/11/2011,25-31-01-26-12-02,25,31,1,26,12,2,1,2,12,25,26,31
3/14/2011,42-28-24-14-39-18,42,28,24,14,39,18,14,18,24,28,39,42
3/16/2011,37-09-34-27-08-25,37,9,34,27,8,25,8,9,25,27,34,37
3/18/2011,21-44-03-01-31-39,21,44,3,1,31,39,1,3,21,31,39,44
3/21/2011,14-32-12-19-18-34,14,32,12,19,18,34,12,14,18,19,32,34
3/23/2011,18-26-08-31-01-16,18,26,8,31,1,16,1,8,16,18,26,31
3/25/2011,19-23-44-36-40-28,19,23,44,36,40,28,19,23,28,36,40,44
3/28/2011,45-32-01-15-06-05,45,32,1,15,6,5,1,5,6,15,32,45
3/30/2011,36-17-39-28-05-30,36,17,39,28,5,30,5,17,28,30,36,39
4/1/2011,35-38-01-31-04-07,35,38,1,31,4,7,1,4,7,31,35,38
4/4/2011,17-33-37-29-12-22,17,33,37,29,12,22,12,17,22,29,33,37
4/6/2011,17-23-36-30-33-13,17,23,36,30,33,13,13,17,23,30,33,36
4/8/2011,45-42-22-39-13-41,45,42,22,39,13,41,13,22,39,41,42,45
4/11/2011,17-45-11-41-44-25,17,45,11,41,44,25,11,17,25,41,44,45
4/13/2011,23-08-15-27-31-12,23,8,15,27,31,12,8,12,15,23,27,31
4/15/2011,31-02-14-43-32-12,31,2,14,43,32,12,2,12,14,31,32,43
4/18/2011,28-15-33-17-18-34,28,15,33,17,18,34,15,17,18,28,33,34
4/20/2011,37-42-12-08-23-21,37,42,12,8,23,21,8,12,21,23,37,42
4/25/2011,14-39-15-41-05-42,14,39,15,41,5,42,5,14,15,39,41,42
4/27/2011,37-10-28-02-33-25,37,10,28,2,33,25,2,10,25,28,33,37
4/29/2011,32-29-26-03-40-28,32,29,26,3,40,28,3,26,28,29,32,40
5/2/2011,10-38-24-12-08-44,10,38,24,12,8,44,8,10,12,24,38,44
5/4/2011,44-18-06-11-39-34,44,18,6,11,39,34,6,11,18,34,39,44
5/6/2011,36-33-39-15-09-32,36,33,39,15,9,32,9,15,32,33,36,39
5/9/2011,40-02-45-37-15-16,40,2,45,37,15,16,2,15,16,37,40,45
5/11/2011,28-44-05-19-26-30,28,44,5,19,26,30,5,19,26,28,30,44
5/13/2011,19-26-38-16-29-14,19,26,38,16,29,14,14,16,19,26,29,38
5/16/2011,25-39-20-13-24-36,25,39,20,13,24,36,13,20,24,25,36,39
5/18/2011,15-30-08-02-29-43,15,30,8,2,29,43,2,8,15,29,30,43
5/20/2011,27-15-24-44-04-23,27,15,24,44,4,23,4,15,23,24,27,44
5/23/2011,30-17-09-32-33-15,30,17,9,32,33,15,9,15,17,30,32,33
5/25/2011,14-38-03-42-24-45,14,38,3,42,24,45,3,14,24,38,42,45
5/27/2011,23-40-34-27-26-37,23,40,34,27,26,37,23,26,27,34,37,40
5/30/2011,43-02-35-39-09-10,43,2,35,39,9,10,2,9,10,35,39,43
6/1/2011,01-43-03-45-13-15,1,43,3,45,13,15,1,3,13,15,43,45
6/3/2011,09-38-45-15-32-13,9,38,45,15,32,13,9,13,15,32,38,45
6/6/2011,09-23-14-45-24-35,9,23,14,45,24,35,9,14,23,24,35,45
6/8/2011,44-10-15-42-30-06,44,10,15,42,30,6,6,10,15,30,42,44
6/10/2011,15-01-13-11-07-09,15,1,13,11,7,9,1,7,9,11,13,15
6/13/2011,27-37-16-15-30-33,27,37,16,15,30,33,15,16,27,30,33,37
6/15/2011,22-17-09-42-14-18,22,17,9,42,14,18,9,14,17,18,22,42
6/17/2011,28-02-45-12-06-17,28,2,45,12,6,17,2,6,12,17,28,45
6/20/2011,18-40-39-02-17-38,18,40,39,2,17,38,2,17,18,38,39,40
6/22/2011,23-13-10-37-35-19,23,13,10,37,35,19,10,13,19,23,35,37
6/24/2011,33-21-05-20-03-34,33,21,5,20,3,34,3,5,20,21,33,34
6/27/2011,36-32-16-01-20-39,36,32,16,1,20,39,1,16,20,32,36,39
6/29/2011,43-35-30-34-31-12,43,35,30,34,31,12,12,30,31,34,35,43
7/1/2011,26-15-41-33-01-06,26,15,41,33,1,6,1,6,15,26,33,41
7/4/2011,27-26-20-06-39-16,27,26,20,6,39,16,6,16,20,26,27,39
7/6/2011,33-05-27-30-31-10,33,5,27,30,31,10,5,10,27,30,31,33
7/8/2011,01-03-08-07-25-20,1,3,8,7,25,20,1,3,7,8,20,25
7/11/2011,28-17-20-07-27-37,28,17,20,7,27,37,7,17,20,27,28,37
7/13/2011,30-39-32-03-27-34,30,39,32,3,27,34,3,27,30,32,34,39
7/15/2011,19-10-06-26-08-43,19,10,6,26,8,43,6,8,10,19,26,43
7/18/2011,15-20-24-13-35-34,15,20,24,13,35,34,13,15,20,24,34,35
7/20/2011,03-06-16-14-24-29,3,6,16,14,24,29,3,6,14,16,24,29
7/22/2011,05-23-17-15-39-29,5,23,17,15,39,29,5,15,17,23,29,39
7/25/2011,12-22-33-23-41-01,12,22,33,23,41,1,1,12,22,23,33,41
7/27/2011,20-40-04-35-26-41,20,40,4,35,26,41,4,20,26,35,40,41
7/29/2011,17-39-45-42-18-34,17,39,45,42,18,34,17,18,34,39,42,45
8/1/2011,28-11-26-43-30-24,28,11,26,43,30,24,11,24,26,28,30,43
8/3/2011,02-05-35-20-09-42,2,5,35,20,9,42,2,5,9,20,35,42
8/5/2011,04-25-10-23-36-35,4,25,10,23,36,35,4,10,23,25,35,36
8/8/2011,35-09-39-04-25-30,35,9,39,4,25,30,4,9,25,30,35,39
8/10/2011,24-35-22-43-37-33,24,35,22,43,37,33,22,24,33,35,37,43
8/12/2011,13-44-09-07-33-03,13,44,9,7,33,3,3,7,9,13,33,44
8/15/2011,38-17-11-34-03-35,38,17,11,34,3,35,3,11,17,34,35,38
8/17/2011,27-26-25-40-20-14,27,26,25,40,20,14,14,20,25,26,27,40
8/19/2011,04-06-09-41-23-33,4,6,9,41,23,33,4,6,9,23,33,41
8/22/2011,03-31-21-34-24-43,3,31,21,34,24,43,3,21,24,31,34,43
8/24/2011,42-25-33-16-21-29,42,25,33,16,21,29,16,21,25,29,33,42
8/26/2011,34-26-21-27-09-11,34,26,21,27,9,11,9,11,21,26,27,34
8/29/2011,30-28-41-18-32-02,30,28,41,18,32,2,2,18,28,30,32,41
8/31/2011,17-45-35-32-10-29,17,45,35,32,10,29,10,17,29,32,35,45
9/2/2011,38-37-02-31-27-26,38,37,2,31,27,26,2,26,27,31,37,38
9/5/2011,44-30-12-09-29-04,44,30,12,9,29,4,4,9,12,29,30,44
9/7/2011,44-20-13-01-37-26,44,20,13,1,37,26,1,13,20,26,37,44
9/9/2011,41-38-23-12-17-11,41,38,23,12,17,11,11,12,17,23,38,41
9/12/2011,16-15-35-29-42-07,16,15,35,29,42,7,7,15,16,29,35,42
9/14/2011,15-31-32-22-04-06,15,31,32,22,4,6,4,6,15,22,31,32
9/16/2011,10-33-02-23-09-05,10,33,2,23,9,5,2,5,9,10,23,33
9/19/2011,14-40-01-03-43-11,14,40,1,3,43,11,1,3,11,14,40,43
9/21/2011,43-29-26-35-11-08,43,29,26,35,11,8,8,11,26,29,35,43
9/23/2011,22-01-39-44-26-31,22,1,39,44,26,31,1,22,26,31,39,44
9/26/2011,34-32-43-23-10-20,34,32,43,23,10,20,10,20,23,32,34,43
9/28/2011,26-29-36-41-37-11,26,29,36,41,37,11,11,26,29,36,37,41
9/30/2011,13-27-26-33-11-21,13,27,26,33,11,21,11,13,21,26,27,33
10/3/2011,21-10-41-08-25-03,21,10,41,8,25,3,3,8,10,21,25,41
10/5/2011,44-27-37-40-13-20,44,27,37,40,13,20,13,20,27,37,40,44
10/7/2011,04-31-36-22-09-20,4,31,36,22,9,20,4,9,20,22,31,36
10/10/2011,14-27-05-42-16-33,14,27,5,42,16,33,5,14,16,27,33,42
10/12/2011,28-30-21-12-20-33,28,30,21,12,20,33,12,20,21,28,30,33
10/14/2011,18-08-40-24-33-27,18,8,40,24,33,27,8,18,24,27,33,40
10/17/2011,09-07-22-16-10-40,9,7,22,16,10,40,7,9,10,16,22,40
10/19/2011,06-01-26-45-34-40,6,1,26,45,34,40,1,6,26,34,40,45
10/21/2011,17-33-06-13-38-31,17,33,6,13,38,31,6,13,17,31,33,38
10/24/2011,19-41-36-05-33-20,19,41,36,5,33,20,5,19,20,33,36,41
10/26/2011,13-23-33-20-30-02,13,23,33,20,30,2,2,13,20,23,30,33
10/28/2011,21-06-16-22-39-24,21,6,16,22,39,24,6,16,21,22,24,39
10/31/2011,33-08-41-22-09-34,33,8,41,22,9,34,8,9,22,33,34,41
11/2/2011,23-38-06-45-17-30,23,38,6,45,17,30,6,17,23,30,38,45
11/4/2011,40-20-25-11-35-31,40,20,25,11,35,31,11,20,25,31,35,40
11/7/2011,33-01-42-23-34-12,33,1,42,23,34,12,1,12,23,33,34,42
11/9/2011,35-42-44-27-01-08,35,42,44,27,1,8,1,8,27,35,42,44
11/11/2011,03-40-18-27-10-21,3,40,18,27,10,21,3,10,18,21,27,40
11/14/2011,17-18-41-35-13-20,17,18,41,35,13,20,13,17,18,20,35,41
11/16/2011,03-45-25-39-17-07,3,45,25,39,17,7,3,7,17,25,39,45
11/18/2011,14-31-19-13-38-17,14,31,19,13,38,17,13,14,17,19,31,38
11/21/2011,30-29-25-13-19-04,30,29,25,13,19,4,4,13,19,25,29,30
11/23/2011,39-23-45-35-05-25,39,23,45,35,5,25,5,23,25,35,39,45
11/25/2011,32-08-29-42-15-01,32,8,29,42,15,1,1,8,15,29,32,42
11/28/2011,05-27-29-32-43-39,5,27,29,32,43,39,5,27,29,32,39,43
11/30/2011,42-10-29-06-13-34,42,10,29,6,13,34,6,10,13,29,34,42
12/2/2011,45-17-20-30-29-43,45,17,20,30,29,43,17,20,29,30,43,45
12/5/2011,17-39-44-28-11-43,17,39,44,28,11,43,11,17,28,39,43,44
12/7/2011,26-05-41-38-32-08,26,5,41,38,32,8,5,8,26,32,38,41
12/12/2011,36-06-30-32-07-25,36,6,30,32,7,25,6,7,25,30,32,36
12/9/2011,16-35-27-42-37-21,16,35,27,42,37,21,16,21,27,35,37,42
12/14/2011,28-20-26-10-41-16,28,20,26,10,41,16,10,16,20,26,28,41
12/16/2011,10-21-01-44-27-38,10,21,1,44,27,38,1,10,21,27,38,44
12/19/2011,03-24-33-34-15-21,3,24,33,34,15,21,3,15,21,24,33,34
12/21/2011,22-18-40-23-28-30,22,18,40,23,28,30,18,22,23,28,30,40
12/23/2011,21-39-10-27-43-04,21,39,10,27,43,4,4,10,21,27,39,43
12/26/2011,09-37-12-41-35-39,9,37,12,41,35,39,9,12,35,37,39,41
12/28/2011,21-18-11-30-16-29,21,18,11,30,16,29,11,16,18,21,29,30
12/30/2011,23-13-16-01-02-17,23,13,16,1,2,17,1,2,13,16,17,23
1/2/2012,13-12-19-34-35-09,13,12,19,34,35,9,9,12,13,19,34,35
1/4/2012,19-12-22-34-30-11,19,12,22,34,30,11,11,12,19,22,30,34
1/6/2012,01-12-11-41-17-36,1,12,11,41,17,36,1,11,12,17,36,41
1/9/2012,30-20-44-34-27-38,30,20,44,34,27,38,20,27,30,34,38,44
1/11/2012,43-45-19-11-05-02,43,45,19,11,5,2,2,5,11,19,43,45
1/13/2012,35-41-27-17-06-09,35,41,27,17,6,9,6,9,17,27,35,41
1/16/2012,01-27-35-42-44-12,1,27,35,42,44,12,1,12,27,35,42,44
1/18/2012,03-15-33-11-40-25,3,15,33,11,40,25,3,11,15,25,33,40
1/20/2012,44-39-35-22-36-07,44,39,35,22,36,7,7,22,35,36,39,44
1/23/2012,42-40-24-05-06-26,42,40,24,5,6,26,5,6,24,26,40,42
1/25/2012,19-43-31-34-12-29,19,43,31,34,12,29,12,19,29,31,34,43
1/27/2012,26-32-11-02-25-22,26,32,11,2,25,22,2,11,22,25,26,32
1/30/2012,02-10-06-11-26-24,2,10,6,11,26,24,2,6,10,11,24,26
2/1/2012,09-03-40-16-27-28,9,3,40,16,27,28,3,9,16,27,28,40
2/3/2012,34-05-29-23-11-08,34,5,29,23,11,8,5,8,11,23,29,34
2/6/2012,16-39-23-15-01-12,16,39,23,15,1,12,1,12,15,16,23,39
2/8/2012,10-05-30-15-42-31,10,5,30,15,42,31,5,10,15,30,31,42
2/10/2012,20-17-14-25-19-08,20,17,14,25,19,8,8,14,17,19,20,25
2/13/2012,41-04-01-07-13-06,41,4,1,7,13,6,1,4,6,7,13,41
2/15/2012,33-34-28-40-14-08,33,34,28,40,14,8,8,14,28,33,34,40
2/17/2012,09-20-22-06-34-40,9,20,22,6,34,40,6,9,20,22,34,40
2/20/2012,10-17-07-29-21-18,10,17,7,29,21,18,7,10,17,18,21,29
2/22/2012,09-22-30-02-37-21,9,22,30,2,37,21,2,9,21,22,30,37
2/24/2012,14-13-32-42-21-20,14,13,32,42,21,20,13,14,20,21,32,42
2/27/2012,11-34-24-27-29-16,11,34,24,27,29,16,11,16,24,27,29,34
2/29/2012,45-12-43-33-05-26,45,12,43,33,5,26,5,12,26,33,43,45
3/2/2012,21-06-41-20-32-13,21,6,41,20,32,13,6,13,20,21,32,41
3/5/2012,14-10-12-45-36-22,14,10,12,45,36,22,10,12,14,22,36,45
3/7/2012,10-31-08-04-13-01,10,31,8,4,13,1,1,4,8,10,13,31
3/9/2012,40-39-07-37-29-10,40,39,7,37,29,10,7,10,29,37,39,40
3/12/2012,06-13-22-08-23-02,6,13,22,8,23,2,2,6,8,13,22,23
3/14/2012,26-23-31-09-13-24,26,23,31,9,13,24,9,13,23,24,26,31
3/16/2012,43-38-45-24-04-42,43,38,45,24,4,42,4,24,38,42,43,45
3/19/2012,45-04-24-05-30-42,45,4,24,5,30,42,4,5,24,30,42,45
3/21/2012,25-31-05-35-23-14,25,31,5,35,23,14,5,14,23,25,31,35
3/23/2012,25-05-16-06-40-17,25,5,16,6,40,17,5,6,16,17,25,40
3/26/2012,17-23-37-35-06-26,17,23,37,35,6,26,6,17,23,26,35,37
3/28/2012,45-03-41-27-15-11,45,3,41,27,15,11,3,11,15,27,41,45
3/30/2012,07-21-13-06-04-40,7,21,13,6,4,40,4,6,7,13,21,40
4/2/2012,06-16-36-01-25-34,6,16,36,1,25,34,1,6,16,25,34,36
4/4/2012,28-04-35-06-33-37,28,4,35,6,33,37,4,6,28,33,35,37
4/9/2012,32-14-38-23-27-15,32,14,38,23,27,15,14,15,23,27,32,38
4/11/2012,29-28-44-41-32-43,29,28,44,41,32,43,28,29,32,41,43,44
4/13/2012,28-25-33-12-43-17,28,25,33,12,43,17,12,17,25,28,33,43
4/16/2012,45-22-39-05-06-03,45,22,39,5,6,3,3,5,6,22,39,45
4/18/2012,40-15-33-25-41-11,40,15,33,25,41,11,11,15,25,33,40,41
4/20/2012,14-36-34-41-30-38,14,36,34,41,30,38,14,30,34,36,38,41
4/23/2012,32-07-21-37-13-09,32,7,21,37,13,9,7,9,13,21,32,37
4/25/2012,20-14-44-27-07-38,20,14,44,27,7,38,7,14,20,27,38,44
4/27/2012,08-32-05-15-01-40,8,32,5,15,1,40,1,5,8,15,32,40
4/30/2012,20-36-34-37-07-25,20,36,34,37,7,25,7,20,25,34,36,37
5/2/2012,04-27-13-44-28-14,4,27,13,44,28,14,4,13,14,27,28,44
5/4/2012,41-05-30-19-24-01,41,5,30,19,24,1,1,5,19,24,30,41
5/7/2012,24-38-16-20-10-42,24,38,16,20,10,42,10,16,20,24,38,42
5/9/2012,04-21-28-05-09-01,4,21,28,5,9,1,1,4,5,9,21,28
5/11/2012,26-17-38-10-03-30,26,17,38,10,3,30,3,10,17,26,30,38
5/14/2012,32-26-18-38-07-11,32,26,18,38,7,11,7,11,18,26,32,38
5/16/2012,39-13-37-34-44-41,39,13,37,34,44,41,13,34,37,39,41,44
5/18/2012,03-16-18-20-31-17,3,16,18,20,31,17,3,16,17,18,20,31
5/21/2012,01-27-23-22-33-15,1,27,23,22,33,15,1,15,22,23,27,33
5/23/2012,32-30-27-17-29-03,32,30,27,17,29,3,3,17,27,29,30,32
5/25/2012,30-16-25-38-13-09,30,16,25,38,13,9,9,13,16,25,30,38
5/28/2012,32-19-22-27-26-31,32,19,22,27,26,31,19,22,26,27,31,32
5/30/2012,37-40-42-45-30-17,37,40,42,45,30,17,17,30,37,40,42,45
6/1/2012,33-04-17-28-16-38,33,4,17,28,16,38,4,16,17,28,33,38
6/4/2012,19-14-31-37-12-38,19,14,31,37,12,38,12,14,19,31,37,38
6/6/2012,45-32-40-28-34-12,45,32,40,28,34,12,12,28,32,34,40,45
6/8/2012,12-34-15-11-19-36,12,34,15,11,19,36,11,12,15,19,34,36
6/11/2012,41-12-36-32-18-07,41,12,36,32,18,7,7,12,18,32,36,41
6/13/2012,16-38-14-17-24-21,16,38,14,17,24,21,14,16,17,21,24,38
6/15/2012,36-01-13-28-03-15,36,1,13,28,3,15,1,3,13,15,28,36
6/18/2012,07-03-45-05-35-02,7,3,45,5,35,2,2,3,5,7,35,45
6/20/2012,32-20-44-18-37-29,32,20,44,18,37,29,18,20,29,32,37,44
6/22/2012,43-13-23-18-26-28,43,13,23,18,26,28,13,18,23,26,28,43
6/25/2012,10-15-37-04-23-02,10,15,37,4,23,2,2,4,10,15,23,37
6/27/2012,36-41-32-08-13-23,36,41,32,8,13,23,8,13,23,32,36,41
6/29/2012,19-26-22-13-18-37,19,26,22,13,18,37,13,18,19,22,26,37
7/2/2012,22-25-06-30-11-35,22,25,6,30,11,35,6,11,22,25,30,35
7/4/2012,43-32-02-17-37-30,43,32,2,17,37,30,2,17,30,32,37,43
7/6/2012,11-45-43-04-44-20,11,45,43,4,44,20,4,11,20,43,44,45
7/9/2012,19-32-06-26-21-05,19,32,6,26,21,5,5,6,19,21,26,32
7/11/2012,36-23-02-33-10-07,36,23,2,33,10,7,2,7,10,23,33,36
7/13/2012,43-31-29-27-23-25,43,31,29,27,23,25,23,25,27,29,31,43
7/16/2012,16-22-03-34-35-27,16,22,3,34,35,27,3,16,22,27,34,35
7/18/2012,02-27-09-04-28-18,2,27,9,4,28,18,2,4,9,18,27,28
7/20/2012,36-05-30-33-44-37,36,5,30,33,44,37,5,30,33,36,37,44
7/23/2012,29-27-34-12-07-23,29,27,34,12,7,23,7,12,23,27,29,34
7/25/2012,12-05-04-08-19-27,12,5,4,8,19,27,4,5,8,12,19,27
7/27/2012,15-08-14-39-23-10,15,8,14,39,23,10,8,10,14,15,23,39
7/30/2012,42-13-41-19-44-21,42,13,41,19,44,21,13,19,21,41,42,44
8/1/2012,05-14-17-19-36-37,5,14,17,19,36,37,5,14,17,19,36,37
8/3/2012,01-41-16-31-40-10,1,41,16,31,40,10,1,10,16,31,40,41
8/6/2012,27-42-02-34-21-05,27,42,2,34,21,5,2,5,21,27,34,42
8/8/2012,14-15-20-16-17-34,14,15,20,16,17,34,14,15,16,17,20,34
8/10/2012,01-16-15-39-34-43,1,16,15,39,34,43,1,15,16,34,39,43
8/13/2012,16-13-27-29-12-38,16,13,27,29,12,38,12,13,16,27,29,38
8/15/2012,15-40-12-45-19-41,15,40,12,45,19,41,12,15,19,40,41,45
8/17/2012,04-44-01-08-33-37,4,44,1,8,33,37,1,4,8,33,37,44
8/20/2012,22-27-05-30-13-21,22,27,5,30,13,21,5,13,21,22,27,30
8/22/2012,28-17-20-10-19-31,28,17,20,10,19,31,10,17,19,20,28,31
8/24/2012,29-30-10-38-31-37,29,30,10,38,31,37,10,29,30,31,37,38
8/27/2012,24-25-14-36-05-10,24,25,14,36,5,10,5,10,14,24,25,36
8/29/2012,03-34-12-33-42-25,3,34,12,33,42,25,3,12,25,33,34,42
8/31/2012,14-33-10-24-02-45,14,33,10,24,2,45,2,10,14,24,33,45
9/3/2012,32-38-06-27-11-35,32,38,6,27,11,35,6,11,27,32,35,38
9/5/2012,25-17-06-42-09-14,25,17,6,42,9,14,6,9,14,17,25,42
9/7/2012,38-27-32-43-06-22,38,27,32,43,6,22,6,22,27,32,38,43
9/10/2012,19-37-26-13-02-17,19,37,26,13,2,17,2,13,17,19,26,37
9/12/2012,27-09-18-32-34-02,27,9,18,32,34,2,2,9,18,27,32,34
9/14/2012,30-06-05-26-43-25,30,6,5,26,43,25,5,6,25,26,30,43
9/17/2012,40-19-15-34-18-07,40,19,15,34,18,7,7,15,18,19,34,40
9/19/2012,01-42-10-31-03-12,1,42,10,31,3,12,1,3,10,12,31,42
9/21/2012,10-26-07-45-17-14,10,26,7,45,17,14,7,10,14,17,26,45
9/24/2012,13-35-17-22-03-10,13,35,17,22,3,10,3,10,13,17,22,35
9/26/2012,45-16-06-34-04-19,45,16,6,34,4,19,4,6,16,19,34,45
9/28/2012,19-32-43-41-44-27,19,32,43,41,44,27,19,27,32,41,43,44
10/1/2012,42-33-07-20-14-35,42,33,7,20,14,35,7,14,20,33,35,42
10/3/2012,05-12-36-13-23-02,5,12,36,13,23,2,2,5,12,13,23,36
10/5/2012,03-45-44-06-25-07,3,45,44,6,25,7,3,6,7,25,44,45
10/8/2012,41-17-40-34-12-19,41,17,40,34,12,19,12,17,19,34,40,41
10/10/2012,17-12-23-42-31-10,17,12,23,42,31,10,10,12,17,23,31,42
10/12/2012,28-09-10-07-30-16,28,9,10,7,30,16,7,9,10,16,28,30
10/15/2012,36-40-39-33-26-42,36,40,39,33,26,42,26,33,36,39,40,42
10/17/2012,25-28-18-31-27-02,25,28,18,31,27,2,2,18,25,27,28,31
10/19/2012,01-17-22-27-02-33,1,17,22,27,2,33,1,2,17,22,27,33
10/22/2012,06-07-25-29-09-37,6,7,25,29,9,37,6,7,9,25,29,37
10/24/2012,36-14-18-10-27-25,36,14,18,10,27,25,10,14,18,25,27,36
10/26/2012,05-27-12-24-39-32,5,27,12,24,39,32,5,12,24,27,32,39
10/29/2012,10-39-32-31-35-04,10,39,32,31,35,4,4,10,31,32,35,39
10/31/2012,20-17-32-21-44-01,20,17,32,21,44,1,1,17,20,21,32,44
11/2/2012,15-01-32-09-37-27,15,1,32,9,37,27,1,9,15,27,32,37
11/5/2012,02-45-44-13-27-24,2,45,44,13,27,24,2,13,24,27,44,45
11/7/2012,43-44-29-26-08-15,43,44,29,26,8,15,8,15,26,29,43,44
11/9/2012,40-28-16-36-33-07,40,28,16,36,33,7,7,16,28,33,36,40
11/12/2012,42-16-04-21-41-36,42,16,4,21,41,36,4,16,21,36,41,42
11/14/2012,26-07-35-12-19-08,26,7,35,12,19,8,7,8,12,19,26,35
11/16/2012,22-12-35-32-36-33,22,12,35,32,36,33,12,22,32,33,35,36
11/19/2012,33-40-25-34-36-22,33,40,25,34,36,22,22,25,33,34,36,40
11/21/2012,13-20-37-45-14-44,13,20,37,45,14,44,13,14,20,37,44,45
11/23/2012,01-08-13-36-30-27,1,8,13,36,30,27,1,8,13,27,30,36
11/26/2012,27-08-02-19-34-26,27,8,2,19,34,26,2,8,19,26,27,34
11/28/2012,20-22-12-08-14-21,20,22,12,8,14,21,8,12,14,20,21,22
11/30/2012,04-23-45-33-35-31,4,23,45,33,35,31,4,23,31,33,35,45
12/3/2012,04-26-18-14-03-09,4,26,18,14,3,9,3,4,9,14,18,26
12/5/2012,04-09-12-41-38-20,4,9,12,41,38,20,4,9,12,20,38,41
12/7/2012,10-28-15-29-20-37,10,28,15,29,20,37,10,15,20,28,29,37
12/10/2012,23-11-43-36-25-06,23,11,43,36,25,6,6,11,23,25,36,43
12/12/2012,37-22-24-28-25-01,37,22,24,28,25,1,1,22,24,25,28,37
12/14/2012,26-22-21-19-06-39,26,22,21,19,6,39,6,19,21,22,26,39
12/17/2012,22-29-31-21-39-38,22,29,31,21,39,38,21,22,29,31,38,39
12/19/2012,14-22-17-10-06-26,14,22,17,10,6,26,6,10,14,17,22,26
12/21/2012,27-17-35-26-28-29,27,17,35,26,28,29,17,26,27,28,29,35
12/24/2012,02-01-03-24-35-10,2,1,3,24,35,10,1,2,3,10,24,35
12/26/2012,10-02-07-38-11-30,10,2,7,38,11,30,2,7,10,11,30,38
12/28/2012,10-31-13-22-19-03,10,31,13,22,19,3,3,10,13,19,22,31
12/31/2012,05-17-13-08-01-23,5,17,13,8,1,23,1,5,8,13,17,23
1/2/2013,06-08-38-44-41-01,6,8,38,44,41,1,1,6,8,38,41,44
1/4/2013,19-28-09-33-34-45,19,28,9,33,34,45,9,19,28,33,34,45
1/7/2013,04-44-22-15-21-38,4,44,22,15,21,38,4,15,21,22,38,44
1/9/2013,41-45-02-22-27-35,41,45,2,22,27,35,2,22,27,35,41,45
1/11/2013,36-30-34-23-16-24,36,30,34,23,16,24,16,23,24,30,34,36
1/14/2013,19-42-28-33-15-07,19,42,28,33,15,7,7,15,19,28,33,42
1/16/2013,45-15-11-28-31-34,45,15,11,28,31,34,11,15,28,31,34,45
1/18/2013,16-17-05-25-38-28,16,17,5,25,38,28,5,16,17,25,28,38
1/21/2013,34-11-25-40-24-02,34,11,25,40,24,2,2,11,24,25,34,40
1/23/2013,12-18-43-19-38-21,12,18,43,19,38,21,12,18,19,21,38,43
1/25/2013,45-19-27-29-06-34,45,19,27,29,6,34,6,19,27,29,34,45
1/28/2013,23-44-03-37-15-17,23,44,3,37,15,17,3,15,17,23,37,44
1/30/2013,23-08-19-15-21-20,23,8,19,15,21,20,8,15,19,20,21,23
2/1/2013,14-22-45-42-40-26,14,22,45,42,40,26,14,22,26,40,42,45
2/4/2013,41-32-26-14-02-45,41,32,26,14,2,45,2,14,26,32,41,45
2/6/2013,39-41-32-22-06-19,39,41,32,22,6,19,6,19,22,32,39,41
2/8/2013,33-14-32-25-16-09,33,14,32,25,16,9,9,14,16,25,32,33
2/11/2013,07-44-11-03-20-02,7,44,11,3,20,2,2,3,7,11,20,44
2/13/2013,17-33-01-39-24-25,17,33,1,39,24,25,1,17,24,25,33,39
2/15/2013,17-40-24-22-39-08,17,40,24,22,39,8,8,17,22,24,39,40
2/18/2013,13-27-03-17-09-16,13,27,3,17,9,16,3,9,13,16,17,27
2/20/2013,03-26-28-41-35-06,3,26,28,41,35,6,3,6,26,28,35,41
2/22/2013,04-35-41-09-37-15,4,35,41,9,37,15,4,9,15,35,37,41
2/25/2013,31-30-17-09-14-27,31,30,17,9,14,27,9,14,17,27,30,31
2/27/2013,02-33-31-34-30-28,2,33,31,34,30,28,2,28,30,31,33,34
3/1/2013,42-17-35-16-37-13,42,17,35,16,37,13,13,16,17,35,37,42
3/4/2013,35-38-37-10-06-30,35,38,37,10,6,30,6,10,30,35,37,38
3/6/2013,18-08-16-22-41-45,18,8,16,22,41,45,8,16,18,22,41,45
3/8/2013,08-23-03-17-14-04,8,23,3,17,14,4,3,4,8,14,17,23
3/11/2013,13-20-08-34-28-07,13,20,8,34,28,7,7,8,13,20,28,34
3/13/2013,32-13-11-34-17-27,32,13,11,34,17,27,11,13,17,27,32,34
3/15/2013,34-21-35-28-39-07,34,21,35,28,39,7,7,21,28,34,35,39
3/18/2013,11-16-21-03-08-29,11,16,21,3,8,29,3,8,11,16,21,29
3/20/2013,16-45-41-29-24-21,16,45,41,29,24,21,16,21,24,29,41,45
3/22/2013,23-33-14-26-24-35,23,33,14,26,24,35,14,23,24,26,33,35
3/25/2013,44-13-02-36-33-16,44,13,2,36,33,16,2,13,16,33,36,44
3/27/2013,40-24-07-31-15-06,40,24,7,31,15,6,6,7,15,24,31,40
4/1/2013,27-42-34-37-28-43,27,42,34,37,28,43,27,28,34,37,42,43
4/3/2013,13-23-22-25-35-20,13,23,22,25,35,20,13,20,22,23,25,35
4/5/2013,12-29-40-32-41-01,12,29,40,32,41,1,1,12,29,32,40,41
4/8/2013,22-40-33-27-20-05,22,40,33,27,20,5,5,20,22,27,33,40
4/10/2013,45-36-35-22-39-03,45,36,35,22,39,3,3,22,35,36,39,45
4/12/2013,15-16-35-29-36-02,15,16,35,29,36,2,2,15,16,29,35,36
4/15/2013,42-41-44-18-26-30,42,41,44,18,26,30,18,26,30,41,42,44
4/17/2013,27-02-45-30-33-07,27,2,45,30,33,7,2,7,27,30,33,45
4/19/2013,30-38-39-31-25-13,30,38,39,31,25,13,13,25,30,31,38,39
4/22/2013,15-44-13-09-37-01,15,44,13,9,37,1,1,9,13,15,37,44
4/24/2013,30-41-19-37-26-31,30,41,19,37,26,31,19,26,30,31,37,41
4/26/2013,21-09-22-40-01-39,21,9,22,40,1,39,1,9,21,22,39,40
4/29/2013,34-37-17-09-14-21,34,37,17,9,14,21,9,14,17,21,34,37
5/1/2013,37-21-36-32-12-31,37,21,36,32,12,31,12,21,31,32,36,37
5/3/2013,25-39-18-04-03-16,25,39,18,4,3,16,3,4,16,18,25,39
5/6/2013,33-42-45-36-30-35,33,42,45,36,30,35,30,33,35,36,42,45
5/8/2013,42-39-19-23-29-08,42,39,19,23,29,8,8,19,23,29,39,42
5/10/2013,30-02-03-22-24-27,30,2,3,22,24,27,2,3,22,24,27,30
5/13/2013,42-37-31-07-24-33,42,37,31,7,24,33,7,24,31,33,37,42
5/15/2013,29-04-37-12-31-21,29,4,37,12,31,21,4,12,21,29,31,37
5/17/2013,04-33-17-02-41-23,4,33,17,2,41,23,2,4,17,23,33,41
5/20/2013,10-19-07-21-28-22,10,19,7,21,28,22,7,10,19,21,22,28
5/22/2013,41-30-44-04-31-38,41,30,44,4,31,38,4,30,31,38,41,44
5/24/2013,04-39-44-36-38-26,4,39,44,36,38,26,4,26,36,38,39,44
5/27/2013,03-39-07-04-21-15,3,39,7,4,21,15,3,4,7,15,21,39
5/29/2013,35-17-31-15-44-24,35,17,31,15,44,24,15,17,24,31,35,44
5/31/2013,05-39-06-11-40-10,5,39,6,11,40,10,5,6,10,11,39,40
6/3/2013,16-31-04-45-21-20,16,31,4,45,21,20,4,16,20,21,31,45
6/5/2013,17-25-01-26-07-10,17,25,1,26,7,10,1,7,10,17,25,26
6/7/2013,34-43-04-07-28-31,34,43,4,7,28,31,4,7,28,31,34,43
6/10/2013,04-03-35-39-12-30,4,3,35,39,12,30,3,4,12,30,35,39
6/12/2013,23-37-26-25-20-40,23,37,26,25,20,40,20,23,25,26,37,40
6/14/2013,04-24-02-27-05-41,4,24,2,27,5,41,2,4,5,24,27,41
6/17/2013,38-05-27-34-42-03,38,5,27,34,42,3,3,5,27,34,38,42
6/19/2013,18-41-25-24-16-37,18,41,25,24,16,37,16,18,24,25,37,41
6/21/2013,07-20-15-26-30-45,7,20,15,26,30,45,7,15,20,26,30,45
6/24/2013,12-22-28-23-41-29,12,22,28,23,41,29,12,22,23,28,29,41
6/26/2013,38-16-18-17-21-37,38,16,18,17,21,37,16,17,18,21,37,38
6/28/2013,20-19-42-18-32-01,20,19,42,18,32,1,1,18,19,20,32,42
7/1/2013,23-40-06-11-15-45,23,40,6,11,15,45,6,11,15,23,40,45
7/3/2013,26-23-17-07-40-32,26,23,17,7,40,32,7,17,23,26,32,40
7/5/2013,27-29-38-28-17-01,27,29,38,28,17,1,1,17,27,28,29,38
7/8/2013,24-03-39-21-38-17,24,3,39,21,38,17,3,17,21,24,38,39
7/10/2013,41-09-45-03-21-17,41,9,45,3,21,17,3,9,17,21,41,45
7/12/2013,11-24-06-34-09-45,11,24,6,34,9,45,6,9,11,24,34,45
7/15/2013,12-04-27-05-18-19,12,4,27,5,18,19,4,5,12,18,19,27
7/17/2013,11-19-25-33-20-24,11,19,25,33,20,24,11,19,20,24,25,33
7/19/2013,32-33-38-10-31-15,32,33,38,10,31,15,10,15,31,32,33,38
7/22/2013,06-41-10-11-38-42,6,41,10,11,38,42,6,10,11,38,41,42
7/24/2013,39-41-21-15-04-07,39,41,21,15,4,7,4,7,15,21,39,41
7/26/2013,33-29-37-36-04-12,33,29,37,36,4,12,4,12,29,33,36,37
7/29/2013,23-13-21-31-16-05,23,13,21,31,16,5,5,13,16,21,23,31
7/31/2013,04-11-39-13-33-43,4,11,39,13,33,43,4,11,13,33,39,43
8/2/2013,40-23-13-42-26-33,40,23,13,42,26,33,13,23,26,33,40,42
8/5/2013,35-23-15-08-02-10,35,23,15,8,2,10,2,8,10,15,23,35
8/7/2013,04-41-33-27-44-09,4,41,33,27,44,9,4,9,27,33,41,44
8/9/2013,28-23-42-22-34-10,28,23,42,22,34,10,10,22,23,28,34,42
8/12/2013,12-32-07-44-30-26,12,32,7,44,30,26,7,12,26,30,32,44
8/14/2013,11-37-19-32-41-23,11,37,19,32,41,23,11,19,23,32,37,41
8/16/2013,24-18-33-45-09-16,24,18,33,45,9,16,9,16,18,24,33,45
8/19/2013,14-06-28-09-24-40,14,6,28,9,24,40,6,9,14,24,28,40
8/21/2013,15-33-07-06-19-13,15,33,7,6,19,13,6,7,13,15,19,33
8/23/2013,15-26-18-34-13-29,15,26,18,34,13,29,13,15,18,26,29,34
8/26/2013,15-39-04-02-27-09,15,39,4,2,27,9,2,4,9,15,27,39
8/28/2013,11-28-15-30-39-27,11,28,15,30,39,27,11,15,27,28,30,39
8/30/2013,17-10-08-37-39-18,17,10,8,37,39,18,8,10,17,18,37,39
9/2/2013,11-05-21-13-33-01,11,5,21,13,33,1,1,5,11,13,21,33
9/4/2013,31-07-11-34-36-08,31,7,11,34,36,8,7,8,11,31,34,36
9/6/2013,33-44-01-37-26-31,33,44,1,37,26,31,1,26,31,33,37,44
9/9/2013,33-25-37-01-43-23,33,25,37,1,43,23,1,23,25,33,37,43
9/11/2013,42-01-04-02-08-24,42,1,4,2,8,24,1,2,4,8,24,42
9/13/2013,39-01-13-19-16-22,39,1,13,19,16,22,1,13,16,19,22,39
9/16/2013,19-27-06-11-34-29,19,27,6,11,34,29,6,11,19,27,29,34
9/18/2013,19-12-17-31-02-16,19,12,17,31,2,16,2,12,16,17,19,31
9/20/2013,31-13-33-36-02-09,31,13,33,36,2,9,2,9,13,31,33,36
9/23/2013,40-34-45-29-16-01,40,34,45,29,16,1,1,16,29,34,40,45
9/25/2013,18-17-29-12-27-44,18,17,29,12,27,44,12,17,18,27,29,44
9/27/2013,45-26-28-05-23-10,45,26,28,5,23,10,5,10,23,26,28,45
9/30/2013,45-22-24-23-42-11,45,22,24,23,42,11,11,22,23,24,42,45
10/2/2013,30-33-21-25-26-45,30,33,21,25,26,45,21,25,26,30,33,45
10/4/2013,12-14-08-39-02-42,12,14,8,39,2,42,2,8,12,14,39,42
10/7/2013,08-16-39-13-20-26,8,16,39,13,20,26,8,13,16,20,26,39
10/9/2013,42-31-21-19-44-13,42,31,21,19,44,13,13,19,21,31,42,44
10/11/2013,25-20-41-11-15-26,25,20,41,11,15,26,11,15,20,25,26,41
10/14/2013,31-13-41-01-05-15,31,13,41,1,5,15,1,5,13,15,31,41
10/16/2013,36-06-01-35-09-41,36,6,1,35,9,41,1,6,9,35,36,41
10/18/2013,12-18-43-28-17-29,12,18,43,28,17,29,12,17,18,28,29,43
10/21/2013,12-26-11-04-29-38,12,26,11,4,29,38,4,11,12,26,29,38
10/23/2013,26-34-31-44-12-04,26,34,31,44,12,4,4,12,26,31,34,44
10/25/2013,14-30-09-01-20-06,14,30,9,1,20,6,1,6,9,14,20,30
10/28/2013,44-33-18-45-17-10,44,33,18,45,17,10,10,17,18,33,44,45
10/30/2013,24-20-45-37-33-16,24,20,45,37,33,16,16,20,24,33,37,45
11/1/2013,29-10-31-04-01-08,29,10,31,4,1,8,1,4,8,10,29,31
11/4/2013,25-24-23-11-07-38,25,24,23,11,7,38,7,11,23,24,25,38
11/6/2013,01-12-25-28-37-27,1,12,25,28,37,27,1,12,25,27,28,37
11/8/2013,11-29-27-04-16-08,11,29,27,4,16,8,4,8,11,16,27,29
11/11/2013,24-19-31-36-04-33,24,19,31,36,4,33,4,19,24,31,33,36
11/13/2013,07-08-45-10-30-20,7,8,45,10,30,20,7,8,10,20,30,45
11/15/2013,45-16-25-23-01-07,45,16,25,23,1,7,1,7,16,23,25,45
11/18/2013,21-10-28-17-30-26,21,10,28,17,30,26,10,17,21,26,28,30
11/20/2013,32-08-25-07-44-20,32,8,25,7,44,20,7,8,20,25,32,44
11/22/2013,32-10-37-29-40-06,32,10,37,29,40,6,6,10,29,32,37,40
11/25/2013,34-03-37-42-05-06,34,3,37,42,5,6,3,5,6,34,37,42
11/27/2013,15-37-16-03-38-43,15,37,16,3,38,43,3,15,16,37,38,43
11/29/2013,37-45-33-06-04-31,37,45,33,6,4,31,4,6,31,33,37,45
12/2/2013,02-22-43-05-13-20,2,22,43,5,13,20,2,5,13,20,22,43
12/4/2013,28-32-18-26-24-37,28,32,18,26,24,37,18,24,26,28,32,37
12/6/2013,38-21-44-19-35-34,38,21,44,19,35,34,19,21,34,35,38,44
12/9/2013,28-04-42-24-02-43,28,4,42,24,2,43,2,4,24,28,42,43
12/11/2013,05-06-34-43-23-31,5,6,34,43,23,31,5,6,23,31,34,43
12/13/2013,38-35-45-19-34-27,38,35,45,19,34,27,19,27,34,35,38,45
12/16/2013,44-26-25-22-23-02,44,26,25,22,23,2,2,22,23,25,26,44
12/18/2013,40-42-05-19-01-21,40,42,5,19,1,21,1,5,19,21,40,42
12/20/2013,02-22-38-42-28-26,2,22,38,42,28,26,2,22,26,28,38,42
12/23/2013,34-06-36-24-32-09,34,6,36,24,32,9,6,9,24,32,34,36
12/27/2013,26-27-15-21-29-45,26,27,15,21,29,45,15,21,26,27,29,45
12/30/2013,01-26-02-29-11-41,1,26,2,29,11,41,1,2,11,26,29,41
1/3/2014,33-30-39-34-24-19,33,30,39,34,24,19,19,24,30,33,34,39
1/6/2014,34-24-39-04-01-33,34,24,39,4,1,33,1,4,24,33,34,39
1/8/2014,16-19-04-36-22-12,16,19,4,36,22,12,4,12,16,19,22,36
1/10/2014,34-23-25-44-35-02,34,23,25,44,35,2,2,23,25,34,35,44
1/13/2014,32-25-21-11-34-29,32,25,21,11,34,29,11,21,25,29,32,34
1/15/2014,20-40-10-13-38-28,20,40,10,13,38,28,10,13,20,28,38,40
1/17/2014,13-35-45-43-26-17,13,35,45,43,26,17,13,17,26,35,43,45
1/20/2014,41-16-30-28-05-07,41,16,30,28,5,7,5,7,16,28,30,41
1/22/2014,24-37-23-34-13-31,24,37,23,34,13,31,13,23,24,31,34,37
1/24/2014,41-39-09-22-18-03,41,39,9,22,18,3,3,9,18,22,39,41
1/27/2014,36-02-08-33-15-06,36,2,8,33,15,6,2,6,8,15,33,36
1/29/2014,02-45-17-39-15-20,2,45,17,39,15,20,2,15,17,20,39,45
1/31/2014,38-16-32-07-19-14,38,16,32,7,19,14,7,14,16,19,32,38
2/3/2014,07-09-32-30-39-04,7,9,32,30,39,4,4,7,9,30,32,39
2/5/2014,44-17-21-38-11-01,44,17,21,38,11,1,1,11,17,21,38,44
2/7/2014,29-03-06-18-43-23,29,3,6,18,43,23,3,6,18,23,29,43
2/10/2014,18-15-13-22-41-28,18,15,13,22,41,28,13,15,18,22,28,41
2/12/2014,04-23-18-01-39-25,4,23,18,1,39,25,1,4,18,23,25,39
2/14/2014,02-10-14-38-31-33,2,10,14,38,31,33,2,10,14,31,33,38
2/17/2014,37-12-16-15-23-14,37,12,16,15,23,14,12,14,15,16,23,37
2/19/2014,06-14-28-44-16-42,6,14,28,44,16,42,6,14,16,28,42,44
2/21/2014,03-43-08-42-40-31,3,43,8,42,40,31,3,8,31,40,42,43
2/24/2014,10-37-42-09-20-04,10,37,42,9,20,4,4,9,10,20,37,42
2/26/2014,27-14-37-23-07-31,27,14,37,23,7,31,7,14,23,27,31,37
2/28/2014,07-44-29-17-19-16,7,44,29,17,19,16,7,16,17,19,29,44
3/3/2014,07-25-18-08-04-36,7,25,18,8,4,36,4,7,8,18,25,36
3/5/2014,34-25-03-43-33-44,34,25,3,43,33,44,3,25,33,34,43,44
3/7/2014,24-05-28-19-36-34,24,5,28,19,36,34,5,19,24,28,34,36
3/10/2014,20-08-34-44-23-27,20,8,34,44,23,27,8,20,23,27,34,44
3/12/2014,02-08-07-21-15-32,2,8,7,21,15,32,2,7,8,15,21,32
3/14/2014,39-32-44-07-05-16,39,32,44,7,5,16,5,7,16,32,39,44
3/17/2014,15-27-39-25-03-04,15,27,39,25,3,4,3,4,15,25,27,39
3/19/2014,41-04-28-19-39-12,41,4,28,19,39,12,4,12,19,28,39,41
3/21/2014,21-11-29-15-37-35,21,11,29,15,37,35,11,15,21,29,35,37
3/24/2014,09-15-19-31-45-11,9,15,19,31,45,11,9,11,15,19,31,45
3/26/2014,21-15-34-32-31-44,21,15,34,32,31,44,15,21,31,32,34,44
3/28/2014,27-11-26-14-45-21,27,11,26,14,45,21,11,14,21,26,27,45
3/31/2014,38-39-14-22-18-27,38,39,14,22,18,27,14,18,22,27,38,39
4/2/2014,24-11-13-19-07-34,24,11,13,19,7,34,7,11,13,19,24,34
4/4/2014,23-05-36-03-27-08,23,5,36,3,27,8,3,5,8,23,27,36
4/7/2014,31-26-03-14-45-19,31,26,3,14,45,19,3,14,19,26,31,45
4/9/2014,07-12-20-02-39-36,7,12,20,2,39,36,2,7,12,20,36,39
4/11/2014,28-42-06-43-44-15,28,42,6,43,44,15,6,15,28,42,43,44
4/14/2014,30-16-06-10-18-12,30,16,6,10,18,12,6,10,12,16,18,30
4/16/2014,22-05-40-36-06-33,22,5,40,36,6,33,5,6,22,33,36,40
4/21/2014,31-36-38-41-45-37,31,36,38,41,45,37,31,36,37,38,41,45
4/23/2014,27-05-13-34-40-15,27,5,13,34,40,15,5,13,15,27,34,40
4/25/2014,22-18-07-31-01-15,22,18,7,31,1,15,1,7,15,18,22,31
4/28/2014,39-21-32-43-19-17,39,21,32,43,19,17,17,19,21,32,39,43
4/30/2014,06-24-15-16-26-22,6,24,15,16,26,22,6,15,16,22,24,26
5/2/2014,09-38-44-11-41-28,9,38,44,11,41,28,9,11,28,38,41,44
5/5/2014,17-08-34-36-14-41,17,8,34,36,14,41,8,14,17,34,36,41
5/7/2014,28-33-12-18-37-39,28,33,12,18,37,39,12,18,28,33,37,39
5/9/2014,26-42-19-28-11-40,26,42,19,28,11,40,11,19,26,28,40,42
5/12/2014,18-31-37-16-26-36,18,31,37,16,26,36,16,18,26,31,36,37
5/14/2014,04-09-35-29-28-44,4,9,35,29,28,44,4,9,28,29,35,44
5/16/2014,09-23-05-19-37-10,9,23,5,19,37,10,5,9,10,19,23,37
5/19/2014,18-43-20-17-38-34,18,43,20,17,38,34,17,18,20,34,38,43
5/21/2014,24-44-04-16-34-40,24,44,4,16,34,40,4,16,24,34,40,44
5/23/2014,07-42-14-21-31-27,7,42,14,21,31,27,7,14,21,27,31,42
5/26/2014,21-20-28-10-25-14,21,20,28,10,25,14,10,14,20,21,25,28
5/28/2014,03-32-04-29-31-37,3,32,4,29,31,37,3,4,29,31,32,37
5/30/2014,44-39-23-15-37-27,44,39,23,15,37,27,15,23,27,37,39,44
6/2/2014,16-25-17-02-21-37,16,25,17,2,21,37,2,16,17,21,25,37
6/4/2014,02-08-04-19-29-36,2,8,4,19,29,36,2,4,8,19,29,36
6/6/2014,31-25-39-19-38-28,31,25,39,19,38,28,19,25,28,31,38,39
6/9/2014,35-31-30-22-19-40,35,31,30,22,19,40,19,22,30,31,35,40
6/11/2014,38-20-18-04-35-33,38,20,18,4,35,33,4,18,20,33,35,38
6/13/2014,04-21-39-45-01-13,4,21,39,45,1,13,1,4,13,21,39,45
6/16/2014,29-19-41-09-20-34,29,19,41,9,20,34,9,19,20,29,34,41
6/18/2014,17-12-24-08-45-18,17,12,24,8,45,18,8,12,17,18,24,45
6/20/2014,23-37-31-01-17-19,23,37,31,1,17,19,1,17,19,23,31,37
6/23/2014,19-41-12-16-45-03,19,41,12,16,45,3,3,12,16,19,41,45
6/25/2014,23-38-05-04-28-45,23,38,5,4,28,45,4,5,23,28,38,45
6/27/2014,30-19-17-09-36-08,30,19,17,9,36,8,8,9,17,19,30,36
6/30/2014,43-05-28-18-08-19,43,5,28,18,8,19,5,8,18,19,28,43
7/2/2014,42-17-31-20-06-34,42,17,31,20,6,34,6,17,20,31,34,42
7/4/2014,35-37-05-39-12-11,35,37,5,39,12,11,5,11,12,35,37,39
7/7/2014,31-21-06-07-01-23,31,21,6,7,1,23,1,6,7,21,23,31
7/9/2014,19-43-34-40-42-12,19,43,34,40,42,12,12,19,34,40,42,43
7/11/2014,10-44-35-17-41-40,10,44,35,17,41,40,10,17,35,40,41,44
7/14/2014,24-19-09-35-07-43,24,19,9,35,7,43,7,9,19,24,35,43
7/16/2014,01-44-43-26-11-14,1,44,43,26,11,14,1,11,14,26,43,44
7/18/2014,25-36-02-33-24-29,25,36,2,33,24,29,2,24,25,29,33,36
7/21/2014,15-07-20-27-38-08,15,7,20,27,38,8,7,8,15,20,27,38
7/23/2014,14-44-16-12-05-33,14,44,16,12,5,33,5,12,14,16,33,44
7/25/2014,02-33-05-25-04-29,2,33,5,25,4,29,2,4,5,25,29,33
7/28/2014,18-42-33-23-13-26,18,42,33,23,13,26,13,18,23,26,33,42
7/30/2014,23-36-29-44-35-43,23,36,29,44,35,43,23,29,35,36,43,44
8/1/2014,37-40-36-28-45-29,37,40,36,28,45,29,28,29,36,37,40,45
8/4/2014,01-16-02-17-44-18,1,16,2,17,44,18,1,2,16,17,18,44
8/6/2014,07-44-41-21-17-22,7,44,41,21,17,22,7,17,21,22,41,44
8/8/2014,10-35-29-12-41-11,10,35,29,12,41,11,10,11,12,29,35,41
8/11/2014,32-42-09-11-31-10,32,42,9,11,31,10,9,10,11,31,32,42
8/13/2014,04-45-38-34-19-28,4,45,38,34,19,28,4,19,28,34,38,45
8/15/2014,34-20-35-42-04-44,34,20,35,42,4,44,4,20,34,35,42,44
8/18/2014,04-42-28-43-26-12,4,42,28,43,26,12,4,12,26,28,42,43
8/20/2014,39-22-36-21-37-45,39,22,36,21,37,45,21,22,36,37,39,45
8/22/2014,45-33-37-13-02-01,45,33,37,13,2,1,1,2,13,33,37,45
8/25/2014,22-38-28-37-33-34,22,38,28,37,33,34,22,28,33,34,37,38
8/27/2014,19-43-28-29-35-34,19,43,28,29,35,34,19,28,29,34,35,43
8/29/2014,20-38-18-41-10-45,20,38,18,41,10,45,10,18,20,38,41,45
9/1/2014,19-35-20-41-44-30,19,35,20,41,44,30,19,20,30,35,41,44
9/3/2014,13-30-41-25-19-34,13,30,41,25,19,34,13,19,25,30,34,41
9/5/2014,15-44-42-22-18-28,15,44,42,22,18,28,15,18,22,28,42,44
9/8/2014,02-41-37-29-24-15,2,41,37,29,24,15,2,15,24,29,37,41
9/10/2014,25-09-01-43-02-12,25,9,1,43,2,12,1,2,9,12,25,43
9/12/2014,27-06-21-20-08-05,27,6,21,20,8,5,5,6,8,20,21,27
9/15/2014,19-30-42-34-24-13,19,30,42,34,24,13,13,19,24,30,34,42
9/17/2014,12-11-33-20-30-23,12,11,33,20,30,23,11,12,20,23,30,33
9/19/2014,33-26-42-37-10-01,33,26,42,37,10,1,1,10,26,33,37,42
9/22/2014,10-15-29-14-19-28,10,15,29,14,19,28,10,14,15,19,28,29
9/24/2014,34-15-33-40-24-06,34,15,33,40,24,6,6,15,24,33,34,40
9/26/2014,06-02-19-43-21-42,6,2,19,43,21,42,2,6,19,21,42,43
9/29/2014,03-40-31-05-21-42,3,40,31,5,21,42,3,5,21,31,40,42
10/1/2014,37-30-06-04-25-14,37,30,6,4,25,14,4,6,14,25,30,37
10/3/2014,10-21-38-17-01-41,10,21,38,17,1,41,1,10,17,21,38,41
10/6/2014,45-24-13-16-29-05,45,24,13,16,29,5,5,13,16,24,29,45
10/8/2014,40-16-17-08-06-05,40,16,17,8,6,5,5,6,8,16,17,40
10/10/2014,28-30-06-09-24-32,28,30,6,9,24,32,6,9,24,28,30,32
10/13/2014,26-27-07-05-30-44,26,27,7,5,30,44,5,7,26,27,30,44
10/15/2014,01-37-34-26-12-03,1,37,34,26,12,3,1,3,12,26,34,37
10/17/2014,43-21-30-13-28-31,43,21,30,13,28,31,13,21,28,30,31,43
10/20/2014,07-08-05-16-33-29,7,8,5,16,33,29,5,7,8,16,29,33
10/22/2014,17-21-33-05-24-40,17,21,33,5,24,40,5,17,21,24,33,40
10/24/2014,18-03-02-31-11-07,18,3,2,31,11,7,2,3,7,11,18,31
10/27/2014,33-40-19-08-34-04,33,40,19,8,34,4,4,8,19,33,34,40
10/29/2014,06-35-19-01-28-40,6,35,19,1,28,40,1,6,19,28,35,40
10/31/2014,35-43-21-24-37-36,35,43,21,24,37,36,21,24,35,36,37,43
11/3/2014,21-28-41-03-42-26,21,28,41,3,42,26,3,21,26,28,41,42
11/5/2014,25-44-12-24-43-02,25,44,12,24,43,2,2,12,24,25,43,44
11/7/2014,38-28-11-12-40-19,38,28,11,12,40,19,11,12,19,28,38,40
11/10/2014,23-26-44-17-36-02,23,26,44,17,36,2,2,17,23,26,36,44
11/12/2014,44-27-30-01-05-10,44,27,30,1,5,10,1,5,10,27,30,44
11/14/2014,44-39-36-28-34-17,44,39,36,28,34,17,17,28,34,36,39,44
11/17/2014,40-43-36-05-31-08,40,43,36,5,31,8,5,8,31,36,40,43
11/19/2014,35-16-29-45-27-30,35,16,29,45,27,30,16,27,29,30,35,45
11/21/2014,09-21-35-03-10-18,9,21,35,3,10,18,3,9,10,18,21,35
11/24/2014,16-34-02-40-15-41,16,34,2,40,15,41,2,15,16,34,40,41
11/26/2014,14-18-22-30-24-10,14,18,22,30,24,10,10,14,18,22,24,30
11/28/2014,07-36-28-05-03-26,7,36,28,5,3,26,3,5,7,26,28,36
12/1/2014,01-41-36-31-17-18,1,41,36,31,17,18,1,17,18,31,36,41
12/3/2014,05-23-28-11-14-09,5,23,28,11,14,9,5,9,11,14,23,28
12/5/2014,44-28-17-19-29-22,44,28,17,19,29,22,17,19,22,28,29,44
12/8/2014,17-13-27-08-28-09,17,13,27,8,28,9,8,9,13,17,27,28
12/10/2014,07-13-35-22-29-25,7,13,35,22,29,25,7,13,22,25,29,35
12/12/2014,30-04-23-12-18-33,30,4,23,12,18,33,4,12,18,23,30,33
12/15/2014,18-16-04-20-01-31,18,16,4,20,1,31,1,4,16,18,20,31
12/17/2014,43-18-37-33-23-41,43,18,37,33,23,41,18,23,33,37,41,43
12/19/2014,03-27-35-04-41-13,3,27,35,4,41,13,3,4,13,27,35,41
12/22/2014,33-26-03-01-12-37,33,26,3,1,12,37,1,3,12,26,33,37
12/24/2014,22-05-44-08-15-02,22,5,44,8,15,2,2,5,8,15,22,44
12/26/2014,19-22-01-14-36-27,19,22,1,14,36,27,1,14,19,22,27,36
12/29/2014,29-09-36-01-19-08,29,9,36,1,19,8,1,8,9,19,29,36
12/31/2014,33-26-32-39-21-45,33,26,32,39,21,45,21,26,32,33,39,45
1/2/2015,35-33-27-08-31-43,35,33,27,8,31,43,8,27,31,33,35,43
1/5/2015,29-04-40-41-45-31,29,4,40,41,45,31,4,29,31,40,41,45
1/7/2015,25-07-24-19-45-40,25,7,24,19,45,40,7,19,24,25,40,45
1/9/2015,32-24-12-28-31-18,32,24,12,28,31,18,12,18,24,28,31,32
1/12/2015,14-31-19-42-40-12,14,31,19,42,40,12,12,14,19,31,40,42
1/14/2015,09-28-35-12-45-25,9,28,35,12,45,25,9,12,25,28,35,45
1/16/2015,08-42-21-17-20-02,8,42,21,17,20,2,2,8,17,20,21,42
1/19/2015,42-37-23-07-43-28,42,37,23,7,43,28,7,23,28,37,42,43
1/21/2015,28-40-30-05-15-11,28,40,30,5,15,11,5,11,15,28,30,40
1/23/2015,18-38-14-11-32-37,18,38,14,11,32,37,11,14,18,32,37,38
1/26/2015,37-08-44-38-33-20,37,8,44,38,33,20,8,20,33,37,38,44
1/28/2015,25-09-11-41-08-45,25,9,11,41,8,45,8,9,11,25,41,45
1/30/2015,05-34-23-30-28-44,5,34,23,30,28,44,5,23,28,30,34,44
2/2/2015,13-12-29-19-15-04,13,12,29,19,15,4,4,12,13,15,19,29
2/4/2015,06-10-43-25-01-34,6,10,43,25,1,34,1,6,10,25,34,43
2/6/2015,06-13-41-04-31-44,6,13,41,4,31,44,4,6,13,31,41,44
2/9/2015,32-13-12-07-35-11,32,13,12,7,35,11,7,11,12,13,32,35
2/11/2015,10-29-26-17-11-07,10,29,26,17,11,7,7,10,11,17,26,29
2/13/2015,38-36-21-05-18-12,38,36,21,5,18,12,5,12,18,21,36,38
2/16/2015,42-17-06-41-31-23,42,17,6,41,31,23,6,17,23,31,41,42
2/18/2015,11-31-45-17-22-05,11,31,45,17,22,5,5,11,17,22,31,45
2/20/2015,09-30-15-41-37-01,9,30,15,41,37,1,1,9,15,30,37,41
2/23/2015,41-13-06-37-26-19,41,13,6,37,26,19,6,13,19,26,37,41
2/25/2015,12-39-23-18-43-21,12,39,23,18,43,21,12,18,21,23,39,43
2/27/2015,37-14-33-07-03-02,37,14,33,7,3,2,2,3,7,14,33,37
3/2/2015,44-04-02-37-25-41,44,4,2,37,25,41,2,4,25,37,41,44
3/4/2015,03-38-10-34-16-28,3,38,10,34,16,28,3,10,16,28,34,38
3/6/2015,18-07-16-29-13-11,18,7,16,29,13,11,7,11,13,16,18,29
3/9/2015,18-21-44-25-23-04,18,21,44,25,23,4,4,18,21,23,25,44
3/11/2015,13-24-45-17-06-29,13,24,45,17,6,29,6,13,17,24,29,45
3/16/2015,06-45-39-26-43-21,6,45,39,26,43,21,6,21,26,39,43,45
3/20/2015,02-03-30-14-29-22,2,3,30,14,29,22,2,3,14,22,29,30
3/23/2015,35-05-10-11-30-08,35,5,10,11,30,8,5,8,10,11,30,35
3/25/2015,07-12-31-01-41-45,7,12,31,1,41,45,1,7,12,31,41,45
3/27/2015,30-02-27-11-10-16,30,2,27,11,10,16,2,10,11,16,27,30
3/30/2015,27-42-19-24-34-41,27,42,19,24,34,41,19,24,27,34,41,42
4/1/2015,44-38-01-25-08-34,44,38,1,25,8,34,1,8,25,34,38,44
4/6/2015,28-16-12-15-27-17,28,16,12,15,27,17,12,15,16,17,27,28
4/8/2015,39-03-13-24-14-20,39,3,13,24,14,20,3,13,14,20,24,39
4/10/2015,14-20-45-39-16-26,14,20,45,39,16,26,14,16,20,26,39,45
4/13/2015,08-29-11-36-02-27,8,29,11,36,2,27,2,8,11,27,29,36
4/15/2015,05-16-33-41-34-11,5,16,33,41,34,11,5,11,16,33,34,41
3/13/2015,03-05-42-40-39-45,3,5,42,40,39,45,3,5,39,40,42,45
3/18/2015,12-02-40-33-13-17,12,2,40,33,13,17,2,12,13,17,33,40
4/17/2015,04-39-13-16-05-30,4,39,13,16,5,30,4,5,13,16,30,39
4/20/2015,02-29-08-25-03-39,2,29,8,25,3,39,2,3,8,25,29,39
4/22/2015,34-21-15-26-09-45,34,21,15,26,9,45,9,15,21,26,34,45
4/24/2015,20-16-39-31-19-10,20,16,39,31,19,10,10,16,19,20,31,39
4/27/2015,15-11-29-17-28-45,15,11,29,17,28,45,11,15,17,28,29,45
4/29/2015,20-05-42-14-12-24,20,5,42,14,12,24,5,12,14,20,24,42
5/1/2015,34-21-08-31-37-01,34,21,8,31,37,1,1,8,21,31,34,37
5/4/2015,11-44-13-05-20-17,11,44,13,5,20,17,5,11,13,17,20,44
5/6/2015,19-24-11-01-07-09,19,24,11,1,7,9,1,7,9,11,19,24
5/8/2015,22-28-40-05-08-02,22,28,40,5,8,2,2,5,8,22,28,40
5/11/2015,36-33-23-39-26-02,36,33,23,39,26,2,2,23,26,33,36,39
5/13/2015,08-27-12-24-21-17,8,27,12,24,21,17,8,12,17,21,24,27
5/15/2015,36-44-05-33-06-09,36,44,5,33,6,9,5,6,9,33,36,44
5/18/2015,33-41-11-04-43-13,33,41,11,4,43,13,4,11,13,33,41,43
5/20/2015,11-23-14-26-43-07,11,23,14,26,43,7,7,11,14,23,26,43
5/22/2015,07-27-28-18-19-08,7,27,28,18,19,8,7,8,18,19,27,28
5/25/2015,27-29-10-08-22-02,27,29,10,8,22,2,2,8,10,22,27,29
5/27/2015,21-02-28-31-13-06,21,2,28,31,13,6,2,6,13,21,28,31
5/29/2015,27-44-26-11-39-12,27,44,26,11,39,12,11,12,26,27,39,44
6/1/2015,32-38-23-24-05-15,32,38,23,24,5,15,5,15,23,24,32,38
6/3/2015,17-08-03-34-14-20,17,8,3,34,14,20,3,8,14,17,20,34
6/5/2015,30-39-41-06-35-37,30,39,41,6,35,37,6,30,35,37,39,41
6/8/2015,36-14-01-34-24-27,36,14,1,34,24,27,1,14,24,27,34,36
6/10/2015,11-30-07-33-02-40,11,30,7,33,2,40,2,7,11,30,33,40
6/12/2015,25-05-29-41-03-35,25,5,29,41,3,35,3,5,25,29,35,41
6/15/2015,41-33-31-21-25-19,41,33,31,21,25,19,19,21,25,31,33,41
6/17/2015,14-21-25-36-45-03,14,21,25,36,45,3,3,14,21,25,36,45
6/19/2015,03-20-27-08-07-45,3,20,27,8,7,45,3,7,8,20,27,45
6/22/2015,23-19-01-43-12-07,23,19,1,43,12,7,1,7,12,19,23,43
6/24/2015,28-26-11-31-15-12,28,26,11,31,15,12,11,12,15,26,28,31
6/26/2015,21-05-01-04-11-26,21,5,1,4,11,26,1,4,5,11,21,26
6/29/2015,36-04-31-39-25-10,36,4,31,39,25,10,4,10,25,31,36,39
7/1/2015,24-29-31-27-42-38,24,29,31,27,42,38,24,27,29,31,38,42
7/3/2015,17-13-08-38-22-34,17,13,8,38,22,34,8,13,17,22,34,38
7/6/2015,22-43-14-02-35-10,22,43,14,2,35,10,2,10,14,22,35,43
7/8/2015,13-43-45-29-25-38,13,43,45,29,25,38,13,25,29,38,43,45
7/10/2015,02-18-08-24-30-45,2,18,8,24,30,45,2,8,18,24,30,45
7/13/2015,26-11-15-03-43-10,26,11,15,3,43,10,3,10,11,15,26,43
7/15/2015,30-29-01-32-27-03,30,29,1,32,27,3,1,3,27,29,30,32
7/17/2015,02-38-08-18-09-35,2,38,8,18,9,35,2,8,9,18,35,38
7/20/2015,09-42-26-25-28-29,9,42,26,25,28,29,9,25,26,28,29,42
7/22/2015,31-44-13-05-38-16,31,44,13,5,38,16,5,13,16,31,38,44
7/24/2015,44-30-32-31-01-22,44,30,32,31,1,22,1,22,30,31,32,44
7/27/2015,02-01-06-05-20-10,2,1,6,5,20,10,1,2,5,6,10,20
7/29/2015,30-08-26-21-34-43,30,8,26,21,34,43,8,21,26,30,34,43
7/31/2015,10-20-32-27-09-43,10,20,32,27,9,43,9,10,20,27,32,43
8/3/2015,26-32-40-36-42-37,26,32,40,36,42,37,26,32,36,37,40,42
8/5/2015,43-22-17-41-44-30,43,22,17,41,44,30,17,22,30,41,43,44
8/7/2015,08-25-28-42-18-39,8,25,28,42,18,39,8,18,25,28,39,42
8/10/2015,03-34-43-05-33-04,3,34,43,5,33,4,3,4,5,33,34,43
8/12/2015,30-12-10-38-21-40,30,12,10,38,21,40,10,12,21,30,38,40
8/14/2015,16-29-33-09-27-07,16,29,33,9,27,7,7,9,16,27,29,33
8/17/2015,11-29-19-37-39-41,11,29,19,37,39,41,11,19,29,37,39,41
8/19/2015,14-45-07-28-44-01,14,45,7,28,44,1,1,7,14,28,44,45
8/21/2015,27-38-40-16-02-37,27,38,40,16,2,37,2,16,27,37,38,40
8/24/2015,11-10-08-23-12-07,11,10,8,23,12,7,7,8,10,11,12,23
8/26/2015,16-14-35-31-05-34,16,14,35,31,5,34,5,14,16,31,34,35
8/28/2015,23-06-03-45-20-42,23,6,3,45,20,42,3,6,20,23,42,45
8/31/2015,38-32-44-25-07-06,38,32,44,25,7,6,6,7,25,32,38,44
9/2/2015,07-01-04-15-38-13,7,1,4,15,38,13,1,4,7,13,15,38
9/4/2015,12-16-30-39-09-26,12,16,30,39,9,26,9,12,16,26,30,39
9/7/2015,30-07-18-24-39-14,30,7,18,24,39,14,7,14,18,24,30,39
9/9/2015,22-08-33-24-27-35,22,8,33,24,27,35,8,22,24,27,33,35
9/11/2015,25-44-29-13-24-34,25,44,29,13,24,34,13,24,25,29,34,44
9/14/2015,12-02-41-44-27-26,12,2,41,44,27,26,2,12,26,27,41,44
9/16/2015,40-38-43-21-39-02,40,38,43,21,39,2,2,21,38,39,40,43
9/18/2015,19-26-41-24-38-39,19,26,41,24,38,39,19,24,26,38,39,41
9/21/2015,22-31-06-07-30-19,22,31,6,7,30,19,6,7,19,22,30,31
9/23/2015,09-21-29-25-14-45,9,21,29,25,14,45,9,14,21,25,29,45
9/25/2015,06-16-43-27-19-18,6,16,43,27,19,18,6,16,18,19,27,43
9/28/2015,10-16-39-09-34-06,10,16,39,9,34,6,6,9,10,16,34,39
9/30/2015,39-17-27-43-28-40,39,17,27,43,28,40,17,27,28,39,40,43
10/2/2015,04-16-06-38-26-03,4,16,6,38,26,3,3,4,6,16,26,38
10/5/2015,39-45-25-05-14-02,39,45,25,5,14,2,2,5,14,25,39,45
10/7/2015,27-41-12-18-35-19,27,41,12,18,35,19,12,18,19,27,35,41
10/9/2015,09-07-20-21-25-12,9,7,20,21,25,12,7,9,12,20,21,25
10/12/2015,38-18-01-06-11-28,38,18,1,6,11,28,1,6,11,18,28,38
10/14/2015,05-29-24-25-15-36,5,29,24,25,15,36,5,15,24,25,29,36
10/16/2015,14-38-22-05-36-32,14,38,22,5,36,32,5,14,22,32,36,38
10/19/2015,16-26-22-14-13-10,16,26,22,14,13,10,10,13,14,16,22,26
10/21/2015,17-18-36-37-34-28,17,18,36,37,34,28,17,18,28,34,36,37
10/23/2015,34-06-29-23-08-02,34,6,29,23,8,2,2,6,8,23,29,34
10/26/2015,32-09-22-12-45-15,32,9,22,12,45,15,9,12,15,22,32,45
10/28/2015,11-39-05-31-35-17,11,39,5,31,35,17,5,11,17,31,35,39
10/30/2015,26-31-02-05-03-43,26,31,2,5,3,43,2,3,5,26,31,43
11/2/2015,04-44-14-15-45-02,4,44,14,15,45,2,2,4,14,15,44,45
11/4/2015,38-41-24-07-31-26,38,41,24,7,31,26,7,24,26,31,38,41
11/6/2015,29-17-02-36-37-25,29,17,2,36,37,25,2,17,25,29,36,37
11/9/2015,27-14-36-23-06-32,27,14,36,23,6,32,6,14,23,27,32,36
11/11/2015,39-37-27-44-05-25,39,37,27,44,5,25,5,25,27,37,39,44
11/13/2015,02-25-30-38-24-29,2,25,30,38,24,29,2,24,25,29,30,38
11/16/2015,44-08-34-16-01-13,44,8,34,16,1,13,1,8,13,16,34,44
11/18/2015,29-15-20-34-37-30,29,15,20,34,37,30,15,20,29,30,34,37
11/20/2015,14-08-45-09-33-31,14,8,45,9,33,31,8,9,14,31,33,45
11/23/2015,18-23-34-30-21-01,18,23,34,30,21,1,1,18,21,23,30,34
11/25/2015,10-04-45-14-40-39,10,4,45,14,40,39,4,10,14,39,40,45
11/27/2015,01-31-04-39-12-24,1,31,4,39,12,24,1,4,12,24,31,39
11/30/2015,08-13-30-25-02-37,8,13,30,25,2,37,2,8,13,25,30,37
12/2/2015,34-31-04-25-38-27,34,31,4,25,38,27,4,25,27,31,34,38
12/4/2015,14-43-45-05-15-37,14,43,45,5,15,37,5,14,15,37,43,45
12/7/2015,03-32-13-39-44-35,3,32,13,39,44,35,3,13,32,35,39,44
12/9/2015,15-42-35-29-21-30,15,42,35,29,21,30,15,21,29,30,35,42
12/11/2015,31-01-17-08-12-35,31,1,17,8,12,35,1,8,12,17,31,35
12/14/2015,22-27-43-10-17-36,22,27,43,10,17,36,10,17,22,27,36,43
12/16/2015,28-27-30-36-45-19,28,27,30,36,45,19,19,27,28,30,36,45
12/18/2015,16-29-10-15-17-19,16,29,10,15,17,19,10,15,16,17,19,29
12/21/2015,12-24-34-11-31-06,12,24,34,11,31,6,6,11,12,24,31,34
12/23/2015,02-12-34-04-43-20,2,12,34,4,43,20,2,4,12,20,34,43
12/28/2015,39-21-01-22-17-11,39,21,1,22,17,11,1,11,17,21,22,39
12/30/2015,34-10-20-39-06-31,34,10,20,39,6,31,6,10,20,31,34,39
1/4/2016,09-31-28-43-07-15,9,31,28,43,7,15,7,9,15,28,31,43
1/6/2016,18-16-17-42-40-33,18,16,17,42,40,33,16,17,18,33,40,42
1/8/2016,37-21-39-34-19-41,37,21,39,34,19,41,19,21,34,37,39,41
1/11/2016,30-12-11-44-06-14,30,12,11,44,6,14,6,11,12,14,30,44
1/13/2016,22-29-06-27-07-42,22,29,6,27,7,42,6,7,22,27,29,42
1/15/2016,04-45-05-20-14-29,4,45,5,20,14,29,4,5,14,20,29,45
1/18/2016,35-20-24-28-45-29,35,20,24,28,45,29,20,24,28,29,35,45
1/20/2016,43-21-42-04-14-26,43,21,42,4,14,26,4,14,21,26,42,43
1/22/2016,31-43-10-27-44-05,31,43,10,27,44,5,5,10,27,31,43,44
1/25/2016,13-38-22-21-40-09,13,38,22,21,40,9,9,13,21,22,38,40
1/27/2016,09-31-36-38-42-16,9,31,36,38,42,16,9,16,31,36,38,42
1/29/2016,10-12-43-35-28-13,10,12,43,35,28,13,10,12,13,28,35,43
2/1/2016,09-14-40-37-32-35,9,14,40,37,32,35,9,14,32,35,37,40
2/3/2016,31-17-13-20-14-05,31,17,13,20,14,5,5,13,14,17,20,31
2/5/2016,01-36-15-10-08-33,1,36,15,10,8,33,1,8,10,15,33,36
2/8/2016,36-07-03-18-09-30,36,7,3,18,9,30,3,7,9,18,30,36
2/10/2016,37-23-01-43-15-18,37,23,1,43,15,18,1,15,18,23,37,43
2/12/2016,36-19-14-06-12-11,36,19,14,6,12,11,6,11,12,14,19,36
2/15/2016,31-25-20-23-36-13,31,25,20,23,36,13,13,20,23,25,31,36
2/17/2016,16-07-31-06-34-18,16,7,31,6,34,18,6,7,16,18,31,34
2/19/2016,02-41-19-11-21-24,2,41,19,11,21,24,2,11,19,21,24,41
2/22/2016,41-25-31-06-39-16,41,25,31,6,39,16,6,16,25,31,39,41
2/24/2016,01-30-31-37-09-35,1,30,31,37,9,35,1,9,30,31,35,37
2/26/2016,34-26-24-29-23-03,34,26,24,29,23,3,3,23,24,26,29,34
2/29/2016,22-03-35-27-01-32,22,3,35,27,1,32,1,3,22,27,32,35
3/2/2016,21-18-03-05-34-10,21,18,3,5,34,10,3,5,10,18,21,34
3/4/2016,22-33-10-39-16-25,22,33,10,39,16,25,10,16,22,25,33,39
3/7/2016,23-02-36-35-42-45,23,2,36,35,42,45,2,23,35,36,42,45
3/9/2016,28-25-38-36-42-23,28,25,38,36,42,23,23,25,28,36,38,42
3/11/2016,38-39-41-24-37-22,38,39,41,24,37,22,22,24,37,38,39,41
3/14/2016,15-03-25-16-24-41,15,3,25,16,24,41,3,15,16,24,25,41
3/16/2016,09-27-43-02-31-22,9,27,43,2,31,22,2,9,22,27,31,43
3/18/2016,18-02-32-11-35-44,18,2,32,11,35,44,2,11,18,32,35,44
3/21/2016,25-23-39-06-33-20,25,23,39,6,33,20,6,20,23,25,33,39
3/23/2016,44-18-19-34-35-21,44,18,19,34,35,21,18,19,21,34,35,44
3/28/2016,20-24-19-44-16-30,20,24,19,44,16,30,16,19,20,24,30,44
3/30/2016,23-15-34-31-07-10,23,15,34,31,7,10,7,10,15,23,31,34
4/1/2016,34-15-40-08-23-44,34,15,40,8,23,44,8,15,23,34,40,44
4/4/2016,41-35-24-43-37-25,41,35,24,43,37,25,24,25,35,37,41,43
4/6/2016,13-22-18-44-02-21,13,22,18,44,2,21,2,13,18,21,22,44
4/8/2016,24-35-17-06-41-10,24,35,17,6,41,10,6,10,17,24,35,41
4/11/2016,33-39-08-36-32-05,33,39,8,36,32,5,5,8,32,33,36,39
4/13/2016,07-45-44-31-30-43,7,45,44,31,30,43,7,30,31,43,44,45
4/15/2016,23-33-06-31-40-12,23,33,6,31,40,12,6,12,23,31,33,40
4/18/2016,17-21-15-20-35-16,17,21,15,20,35,16,15,16,17,20,21,35
4/20/2016,44-22-32-21-01-38,44,22,32,21,1,38,1,21,22,32,38,44
4/22/2016,07-23-01-39-20-35,7,23,1,39,20,35,1,7,20,23,35,39
4/25/2016,06-44-31-18-41-08,6,44,31,18,41,8,6,8,18,31,41,44
4/27/2016,35-17-07-26-21-24,35,17,7,26,21,24,7,17,21,24,26,35
4/29/2016,44-33-45-23-11-37,44,33,45,23,11,37,11,23,33,37,44,45
5/2/2016,03-39-27-41-28-38,3,39,27,41,28,38,3,27,28,38,39,41
5/4/2016,24-19-12-35-26-22,24,19,12,35,26,22,12,19,22,24,26,35
5/6/2016,09-40-04-07-23-42,9,40,4,7,23,42,4,7,9,23,40,42
5/9/2016,33-19-25-11-45-10,33,19,25,11,45,10,10,11,19,25,33,45
5/11/2016,11-31-04-45-44-06,11,31,4,45,44,6,4,6,11,31,44,45
5/13/2016,25-05-18-10-29-04,25,5,18,10,29,4,4,5,10,18,25,29
5/16/2016,33-42-27-06-21-04,33,42,27,6,21,4,4,6,21,27,33,42
5/18/2016,08-06-16-40-05-27,8,6,16,40,5,27,5,6,8,16,27,40
5/20/2016,08-39-12-37-04-18,8,39,12,37,4,18,4,8,12,18,37,39
5/23/2016,35-34-42-40-22-07,35,34,42,40,22,7,7,22,34,35,40,42
5/25/2016,36-08-16-45-40-10,36,8,16,45,40,10,8,10,16,36,40,45
5/27/2016,05-19-12-24-43-25,5,19,12,24,43,25,5,12,19,24,25,43
5/30/2016,15-26-39-42-02-19,15,26,39,42,2,19,2,15,19,26,39,42
6/1/2016,12-29-03-01-16-17,12,29,3,1,16,17,1,3,12,16,17,29
6/3/2016,43-15-10-21-12-37,43,15,10,21,12,37,10,12,15,21,37,43
6/6/2016,44-26-30-25-07-42,44,26,30,25,7,42,7,25,26,30,42,44
6/8/2016,25-43-20-35-33-18,25,43,20,35,33,18,18,20,25,33,35,43
6/10/2016,41-44-10-33-24-22,41,44,10,33,24,22,10,22,24,33,41,44
6/13/2016,27-42-01-17-38-41,27,42,1,17,38,41,1,17,27,38,41,42
6/15/2016,04-11-24-33-07-39,4,11,24,33,7,39,4,7,11,24,33,39
6/17/2016,01-23-17-11-03-43,1,23,17,11,3,43,1,3,11,17,23,43
6/20/2016,27-03-13-38-40-16,27,3,13,38,40,16,3,13,16,27,38,40
6/22/2016,41-24-05-36-31-09,41,24,5,36,31,9,5,9,24,31,36,41
6/24/2016,16-15-11-25-39-24,16,15,11,25,39,24,11,15,16,24,25,39
6/27/2016,17-27-24-21-20-30,17,27,24,21,20,30,17,20,21,24,27,30
6/29/2016,24-15-43-25-05-10,24,15,43,25,5,10,5,10,15,24,25,43
7/1/2016,26-45-29-10-03-04,26,45,29,10,3,4,3,4,10,26,29,45
7/4/2016,31-27-41-23-01-36,31,27,41,23,1,36,1,23,27,31,36,41
7/6/2016,19-27-01-03-02-09,19,27,1,3,2,9,1,2,3,9,19,27
7/8/2016,31-11-26-23-20-08,31,11,26,23,20,8,8,11,20,23,26,31
7/11/2016,19-42-11-27-28-03,19,42,11,27,28,3,3,11,19,27,28,42
7/13/2016,12-37-42-41-15-33,12,37,42,41,15,33,12,15,33,37,41,42
7/15/2016,27-02-20-23-21-41,27,2,20,23,21,41,2,20,21,23,27,41
7/18/2016,42-40-32-05-27-19,42,40,32,5,27,19,5,19,27,32,40,42
7/20/2016,13-19-31-08-06-14,13,19,31,8,6,14,6,8,13,14,19,31
7/22/2016,44-34-08-07-19-40,44,34,8,7,19,40,7,8,19,34,40,44
7/25/2016,04-29-36-34-40-41,4,29,36,34,40,41,4,29,34,36,40,41
7/27/2016,37-35-34-28-25-43,37,35,34,28,25,43,25,28,34,35,37,43
7/29/2016,17-05-21-41-36-09,17,5,21,41,36,9,5,9,17,21,36,41
8/1/2016,01-20-40-17-26-44,1,20,40,17,26,44,1,17,20,26,40,44
8/3/2016,40-41-29-21-03-13,40,41,29,21,3,13,3,13,21,29,40,41
8/5/2016,19-07-11-39-28-17,19,7,11,39,28,17,7,11,17,19,28,39
8/8/2016,31-15-35-16-11-09,31,15,35,16,11,9,9,11,15,16,31,35
8/10/2016,30-07-39-34-20-23,30,7,39,34,20,23,7,20,23,30,34,39
8/12/2016,39-25-16-17-05-27,39,25,16,17,5,27,5,16,17,25,27,39
8/15/2016,05-36-09-39-25-42,5,36,9,39,25,42,5,9,25,36,39,42
8/17/2016,31-08-43-11-13-29,31,8,43,11,13,29,8,11,13,29,31,43
8/19/2016,22-25-19-31-43-30,22,25,19,31,43,30,19,22,25,30,31,43
8/22/2016,04-25-15-37-28-02,4,25,15,37,28,2,2,4,15,25,28,37
8/24/2016,12-07-09-02-15-25,12,7,9,2,15,25,2,7,9,12,15,25
8/26/2016,21-08-23-34-02-28,21,8,23,34,2,28,2,8,21,23,28,34
8/29/2016,42-04-30-26-27-37,42,4,30,26,27,37,4,26,27,30,37,42
8/31/2016,26-22-44-09-42-29,26,22,44,9,42,29,9,22,26,29,42,44
9/2/2016,43-23-36-35-19-22,43,23,36,35,19,22,19,22,23,35,36,43
9/5/2016,17-12-05-11-25-31,17,12,5,11,25,31,5,11,12,17,25,31
9/7/2016,35-43-22-07-02-17,35,43,22,7,2,17,2,7,17,22,35,43
9/9/2016,22-29-36-38-27-30,22,29,36,38,27,30,22,27,29,30,36,38
9/12/2016,22-32-10-23-38-43,22,32,10,23,38,43,10,22,23,32,38,43
9/14/2016,31-07-33-35-24-13,31,7,33,35,24,13,7,13,24,31,33,35
9/16/2016,25-24-06-13-14-05,25,24,6,13,14,5,5,6,13,14,24,25
9/19/2016,10-03-22-27-41-30,10,3,22,27,41,30,3,10,22,27,30,41
9/21/2016,40-31-25-35-33-19,40,31,25,35,33,19,19,25,31,33,35,40
9/23/2016,41-32-01-03-19-18,41,32,1,3,19,18,1,3,18,19,32,41
9/26/2016,03-31-11-21-42-41,3,31,11,21,42,41,3,11,21,31,41,42
9/28/2016,19-42-07-34-25-16,19,42,7,34,25,16,7,16,19,25,34,42
9/30/2016,10-30-35-13-39-17,10,30,35,13,39,17,10,13,17,30,35,39
10/3/2016,34-28-13-40-35-18,34,28,13,40,35,18,13,18,28,34,35,40
10/5/2016,25-23-10-32-04-15,25,23,10,32,4,15,4,10,15,23,25,32
10/7/2016,37-15-20-31-28-24,37,15,20,31,28,24,15,20,24,28,31,37
10/10/2016,32-14-30-21-07-01,32,14,30,21,7,1,1,7,14,21,30,32
10/12/2016,09-28-23-37-10-03,9,28,23,37,10,3,3,9,10,23,28,37
10/14/2016,34-09-03-02-25-15,34,9,3,2,25,15,2,3,9,15,25,34
10/17/2016,07-38-29-01-03-21,7,38,29,1,3,21,1,3,7,21,29,38
10/19/2016,26-16-45-09-36-14,26,16,45,9,36,14,9,14,16,26,36,45
10/21/2016,30-19-13-08-33-10,30,19,13,8,33,10,8,10,13,19,30,33
10/24/2016,10-28-34-14-33-38,10,28,34,14,33,38,10,14,28,33,34,38
10/26/2016,36-27-15-16-22-23,36,27,15,16,22,23,15,16,22,23,27,36
10/28/2016,17-28-11-38-39-27,17,28,11,38,39,27,11,17,27,28,38,39
10/31/2016,38-07-35-22-40-34,38,7,35,22,40,34,7,22,34,35,38,40
11/2/2016,17-16-02-27-28-07,17,16,2,27,28,7,2,7,16,17,27,28
11/4/2016,30-32-21-13-20-04,30,32,21,13,20,4,4,13,20,21,30,32
11/7/2016,11-31-24-17-39-16,11,31,24,17,39,16,11,16,17,24,31,39
11/9/2016,14-07-40-15-42-38,14,7,40,15,42,38,7,14,15,38,40,42
11/11/2016,42-32-30-43-16-44,42,32,30,43,16,44,16,30,32,42,43,44
11/14/2016,15-02-18-11-16-43,15,2,18,11,16,43,2,11,15,16,18,43
11/16/2016,20-31-27-25-01-03,20,31,27,25,1,3,1,3,20,25,27,31
11/18/2016,12-45-02-18-37-32,12,45,2,18,37,32,2,12,18,32,37,45
11/21/2016,10-21-16-05-25-23,10,21,16,5,25,23,5,10,16,21,23,25
11/23/2016,23-15-35-02-34-22,23,15,35,2,34,22,2,15,22,23,34,35
11/25/2016,04-38-20-40-22-18,4,38,20,40,22,18,4,18,20,22,38,40
11/28/2016,13-35-24-01-05-34,13,35,24,1,5,34,1,5,13,24,34,35
11/30/2016,44-10-17-16-31-35,44,10,17,16,31,35,10,16,17,31,35,44
12/2/2016,23-34-19-43-38-27,23,34,19,43,38,27,19,23,27,34,38,43
12/5/2016,13-35-20-41-40-09,13,35,20,41,40,9,9,13,20,35,40,41
12/7/2016,10-22-38-15-02-34,10,22,38,15,2,34,2,10,15,22,34,38
12/9/2016,11-01-07-18-12-24,11,1,7,18,12,24,1,7,11,12,18,24
12/12/2016,04-29-25-06-38-03,4,29,25,6,38,3,3,4,6,25,29,38
12/14/2016,04-41-15-08-26-22,4,41,15,8,26,22,4,8,15,22,26,41
12/16/2016,26-16-14-35-11-01,26,16,14,35,11,1,1,11,14,16,26,35
12/19/2016,27-20-03-33-26-30,27,20,3,33,26,30,3,20,26,27,30,33
12/21/2016,25-18-14-08-27-20,25,18,14,8,27,20,8,14,18,20,25,27
12/23/2016,05-22-38-42-11-01,5,22,38,42,11,1,1,5,11,22,38,42
12/26/2016,40-08-10-41-18-22,40,8,10,41,18,22,8,10,18,22,40,41
12/28/2016,12-07-13-28-36-05,12,7,13,28,36,5,5,7,12,13,28,36
12/30/2016,30-05-06-21-25-01,30,5,6,21,25,1,1,5,6,21,25,30
1/2/2017,02-23-06-05-42-36,2,23,6,5,42,36,2,5,6,23,36,42
1/4/2017,26-08-01-40-32-02,26,8,1,40,32,2,1,2,8,26,32,40
1/6/2017,31-22-26-16-39-09,31,22,26,16,39,9,9,16,22,26,31,39
1/9/2017,02-08-13-42-01-44,2,8,13,42,1,44,1,2,8,13,42,44
1/11/2017,20-31-05-40-14-02,20,31,5,40,14,2,2,5,14,20,31,40
1/13/2017,35-37-21-40-03-38,35,37,21,40,3,38,3,21,35,37,38,40
1/16/2017,33-42-03-23-13-18,33,42,3,23,13,18,3,13,18,23,33,42
1/18/2017,39-23-10-28-30-21,39,23,10,28,30,21,10,21,23,28,30,39
1/20/2017,44-13-22-19-40-09,44,13,22,19,40,9,9,13,19,22,40,44
1/23/2017,20-45-32-03-34-01,20,45,32,3,34,1,1,3,20,32,34,45
1/25/2017,41-37-33-45-19-21,41,37,33,45,19,21,19,21,33,37,41,45
1/27/2017,22-27-39-09-33-19,22,27,39,9,33,19,9,19,22,27,33,39
1/30/2017,10-03-11-30-18-23,10,3,11,30,18,23,3,10,11,18,23,30
2/1/2017,31-22-30-19-21-11,31,22,30,19,21,11,11,19,21,22,30,31
2/3/2017,14-29-23-17-24-02,14,29,23,17,24,2,2,14,17,23,24,29
2/6/2017,07-39-18-28-03-36,7,39,18,28,3,36,3,7,18,28,36,39
2/8/2017,20-27-26-43-42-38,20,27,26,43,42,38,20,26,27,38,42,43
2/10/2017,31-32-45-22-12-01,31,32,45,22,12,1,1,12,22,31,32,45
2/13/2017,19-04-21-45-34-41,19,4,21,45,34,41,4,19,21,34,41,45
2/15/2017,07-23-29-18-25-22,7,23,29,18,25,22,7,18,22,23,25,29
2/17/2017,16-34-33-43-45-42,16,34,33,43,45,42,16,33,34,42,43,45
2/20/2017,37-38-20-36-31-10,37,38,20,36,31,10,10,20,31,36,37,38
2/22/2017,04-27-37-01-19-38,4,27,37,1,19,38,1,4,19,27,37,38
2/24/2017,12-42-28-17-01-38,12,42,28,17,1,38,1,12,17,28,38,42
2/27/2017,15-27-33-13-30-32,15,27,33,13,30,32,13,15,27,30,32,33
3/1/2017,34-17-15-11-16-23,34,17,15,11,16,23,11,15,16,17,23,34
3/3/2017,42-31-36-20-03-08,42,31,36,20,3,8,3,8,20,31,36,42
3/6/2017,21-22-18-27-26-38,21,22,18,27,26,38,18,21,22,26,27,38
3/8/2017,43-24-22-18-05-27,43,24,22,18,5,27,5,18,22,24,27,43
3/10/2017,43-20-05-30-34-13,43,20,5,30,34,13,5,13,20,30,34,43
3/13/2017,01-40-41-39-45-38,1,40,41,39,45,38,1,38,39,40,41,45
3/15/2017,19-43-24-06-12-15,19,43,24,6,12,15,6,12,15,19,24,43
3/17/2017,21-22-03-39-04-08,21,22,3,39,4,8,3,4,8,21,22,39
3/20/2017,03-09-34-31-08-35,3,9,34,31,8,35,3,8,9,31,34,35
3/22/2017,34-30-23-22-06-21,34,30,23,22,6,21,6,21,22,23,30,34
3/24/2017,11-38-32-17-08-13,11,38,32,17,8,13,8,11,13,17,32,38
3/27/2017,31-44-02-14-19-29,31,44,2,14,19,29,2,14,19,29,31,44
3/29/2017,21-05-31-27-29-16,21,5,31,27,29,16,5,16,21,27,29,31
3/31/2017,44-42-11-07-10-28,44,42,11,7,10,28,7,10,11,28,42,44
4/3/2017,34-24-17-33-26-02,34,24,17,33,26,2,2,17,24,26,33,34
4/5/2017,04-14-37-07-41-27,4,14,37,7,41,27,4,7,14,27,37,41
4/7/2017,22-38-31-33-15-06,22,38,31,33,15,6,6,15,22,31,33,38
4/10/2017,15-26-02-14-10-11,15,26,2,14,10,11,2,10,11,14,15,26
4/12/2017,41-13-11-18-35-15,41,13,11,18,35,15,11,13,15,18,35,41
4/17/2017,39-06-01-17-34-23,39,6,1,17,34,23,1,6,17,23,34,39
4/19/2017,40-30-01-04-27-15,40,30,1,4,27,15,1,4,15,27,30,40
4/21/2017,16-20-08-23-15-04,16,20,8,23,15,4,4,8,15,16,20,23
4/24/2017,40-03-17-34-27-37,40,3,17,34,27,37,3,17,27,34,37,40
4/26/2017,18-02-05-42-12-44,18,2,5,42,12,44,2,5,12,18,42,44
4/28/2017,12-20-11-22-01-30,12,20,11,22,1,30,1,11,12,20,22,30
5/1/2017,23-44-02-05-35-25,23,44,2,5,35,25,2,5,23,25,35,44
5/3/2017,38-09-10-17-08-01,38,9,10,17,8,1,1,8,9,10,17,38
5/5/2017,02-10-31-15-19-16,2,10,31,15,19,16,2,10,15,16,19,31
5/8/2017,30-22-35-44-01-18,30,22,35,44,1,18,1,18,22,30,35,44
5/10/2017,25-28-43-20-05-44,25,28,43,20,5,44,5,20,25,28,43,44
5/12/2017,21-37-10-04-17-02,21,37,10,4,17,2,2,4,10,17,21,37
5/15/2017,16-36-29-18-32-07,16,36,29,18,32,7,7,16,18,29,32,36
5/17/2017,17-36-27-33-14-05,17,36,27,33,14,5,5,14,17,27,33,36
5/19/2017,15-02-09-44-04-30,15,2,9,44,4,30,2,4,9,15,30,44
5/22/2017,09-42-06-10-13-27,9,42,6,10,13,27,6,9,10,13,27,42
5/24/2017,05-09-28-42-12-31,5,9,28,42,12,31,5,9,12,28,31,42
5/26/2017,14-26-13-05-28-21,14,26,13,5,28,21,5,13,14,21,26,28
5/29/2017,25-16-01-20-11-29,25,16,1,20,11,29,1,11,16,20,25,29
5/31/2017,25-44-32-27-02-06,25,44,32,27,2,6,2,6,25,27,32,44
6/2/2017,20-34-32-43-42-09,20,34,32,43,42,9,9,20,32,34,42,43
6/5/2017,35-04-31-38-44-08,35,4,31,38,44,8,4,8,31,35,38,44
6/7/2017,25-13-11-21-30-45,25,13,11,21,30,45,11,13,21,25,30,45
6/9/2017,06-42-29-25-23-19,6,42,29,25,23,19,6,19,23,25,29,42
6/12/2017,28-30-17-37-11-39,28,30,17,37,11,39,11,17,28,30,37,39
6/14/2017,41-15-11-16-29-06,41,15,11,16,29,6,6,11,15,16,29,41
6/16/2017,23-28-34-36-26-27,23,28,34,36,26,27,23,26,27,28,34,36
6/19/2017,07-40-28-19-06-14,7,40,28,19,6,14,6,7,14,19,28,40
6/21/2017,43-09-31-06-18-23,43,9,31,6,18,23,6,9,18,23,31,43
6/23/2017,28-27-19-21-18-11,28,27,19,21,18,11,11,18,19,21,27,28
6/26/2017,18-31-27-37-19-45,18,31,27,37,19,45,18,19,27,31,37,45
6/28/2017,29-42-45-10-33-04,29,42,45,10,33,4,4,10,29,33,42,45
6/30/2017,42-40-39-21-07-16,42,40,39,21,7,16,7,16,21,39,40,42
7/3/2017,41-10-21-16-38-26,41,10,21,16,38,26,10,16,21,26,38,41
7/5/2017,21-13-20-22-26-35,21,13,20,22,26,35,13,20,21,22,26,35
7/7/2017,11-09-35-05-01-10,11,9,35,5,1,10,1,5,9,10,11,35
7/10/2017,04-05-41-35-33-43,4,5,41,35,33,43,4,5,33,35,41,43
7/12/2017,31-35-12-43-38-03,31,35,12,43,38,3,3,12,31,35,38,43
7/14/2017,29-15-06-27-30-39,29,15,6,27,30,39,6,15,27,29,30,39
7/17/2017,06-35-25-16-37-05,6,35,25,16,37,5,5,6,16,25,35,37
7/19/2017,45-18-12-08-03-24,45,18,12,8,3,24,3,8,12,18,24,45
7/21/2017,01-04-15-29-06-22,1,4,15,29,6,22,1,4,6,15,22,29
7/24/2017,11-18-34-33-09-08,11,18,34,33,9,8,8,9,11,18,33,34
7/26/2017,43-42-22-41-02-14,43,42,22,41,2,14,2,14,22,41,42,43
7/28/2017,23-39-05-15-16-24,23,39,5,15,16,24,5,15,16,23,24,39
7/31/2017,19-22-39-40-10-29,19,22,39,40,10,29,10,19,22,29,39,40
8/2/2017,26-03-33-43-02-21,26,3,33,43,2,21,2,3,21,26,33,43
8/4/2017,24-22-23-27-03-19,24,22,23,27,3,19,3,19,22,23,24,27
8/7/2017,04-33-45-35-20-24,4,33,45,35,20,24,4,20,24,33,35,45
8/9/2017,05-28-45-43-01-09,5,28,45,43,1,9,1,5,9,28,43,45
8/11/2017,44-11-40-20-08-02,44,11,40,20,8,2,2,8,11,20,40,44
8/14/2017,42-07-29-28-05-13,42,7,29,28,5,13,5,7,13,28,29,42
8/16/2017,17-08-45-24-01-40,17,8,45,24,1,40,1,8,17,24,40,45
8/18/2017,27-05-36-28-24-41,27,5,36,28,24,41,5,24,27,28,36,41
8/21/2017,10-01-35-28-05-22,10,1,35,28,5,22,1,5,10,22,28,35
8/23/2017,17-10-40-27-12-34,17,10,40,27,12,34,10,12,17,27,34,40
8/25/2017,45-37-39-03-24-12,45,37,39,3,24,12,3,12,24,37,39,45
8/28/2017,20-02-41-35-25-07,20,2,41,35,25,7,2,7,20,25,35,41
8/30/2017,25-38-20-01-30-32,25,38,20,1,30,32,1,20,25,30,32,38
9/1/2017,38-42-09-02-04-35,38,42,9,2,4,35,2,4,9,35,38,42
9/4/2017,34-14-42-23-30-17,34,14,42,23,30,17,14,17,23,30,34,42
9/6/2017,38-22-34-25-11-29,38,22,34,25,11,29,11,22,25,29,34,38
9/8/2017,21-32-17-16-44-22,21,32,17,16,44,22,16,17,21,22,32,44
9/11/2017,02-06-11-33-40-15,2,6,11,33,40,15,2,6,11,15,33,40
9/13/2017,32-05-43-18-04-28,32,5,43,18,4,28,4,5,18,28,32,43
9/15/2017,26-44-28-06-23-37,26,44,28,6,23,37,6,23,26,28,37,44
9/18/2017,31-04-01-45-06-27,31,4,1,45,6,27,1,4,6,27,31,45
9/20/2017,26-34-19-37-07-45,26,34,19,37,7,45,7,19,26,34,37,45
9/22/2017,34-22-44-25-24-42,34,22,44,25,24,42,22,24,25,34,42,44
9/25/2017,27-29-39-30-22-06,27,29,39,30,22,6,6,22,27,29,30,39
9/27/2017,06-16-09-12-13-29,6,16,9,12,13,29,6,9,12,13,16,29
9/29/2017,42-01-06-38-41-21,42,1,6,38,41,21,1,6,21,38,41,42
10/2/2017,20-29-40-06-28-45,20,29,40,6,28,45,6,20,28,29,40,45
10/4/2017,36-16-25-04-20-28,36,16,25,4,20,28,4,16,20,25,28,36
10/6/2017,29-25-04-06-32-43,29,25,4,6,32,43,4,6,25,29,32,43
10/9/2017,19-32-09-07-10-18,19,32,9,7,10,18,7,9,10,18,19,32
10/11/2017,10-21-04-17-22-43,10,21,4,17,22,43,4,10,17,21,22,43
10/13/2017,09-40-19-25-42-06,9,40,19,25,42,6,6,9,19,25,40,42
10/16/2017,08-16-19-25-01-27,8,16,19,25,1,27,1,8,16,19,25,27
10/18/2017,11-41-37-22-14-43,11,41,37,22,14,43,11,14,22,37,41,43
10/20/2017,45-20-41-28-33-12,45,20,41,28,33,12,12,20,28,33,41,45
10/23/2017,10-07-17-26-01-20,10,7,17,26,1,20,1,7,10,17,20,26
10/25/2017,23-44-31-13-29-38,23,44,31,13,29,38,13,23,29,31,38,44
10/27/2017,06-20-14-33-24-19,6,20,14,33,24,19,6,14,19,20,24,33
10/30/2017,36-22-26-21-07-16,36,22,26,21,7,16,7,16,21,22,26,36
11/1/2017,03-33-09-12-38-22,3,33,9,12,38,22,3,9,12,22,33,38
11/3/2017,40-32-39-15-35-11,40,32,39,15,35,11,11,15,32,35,39,40
11/6/2017,01-28-17-39-26-05,1,28,17,39,26,5,1,5,17,26,28,39
11/8/2017,04-40-25-28-38-44,4,40,25,28,38,44,4,25,28,38,40,44
11/10/2017,45-02-09-43-30-10,45,2,9,43,30,10,2,9,10,30,43,45
11/13/2017,28-23-32-45-29-05,28,23,32,45,29,5,5,23,28,29,32,45
11/15/2017,16-06-36-03-35-33,16,6,36,3,35,33,3,6,16,33,35,36
11/17/2017,07-43-15-33-09-32,7,43,15,33,9,32,7,9,15,32,33,43
11/20/2017,03-28-07-22-41-40,3,28,7,22,41,40,3,7,22,28,40,41
11/22/2017,37-34-12-40-18-02,37,34,12,40,18,2,2,12,18,34,37,40
11/24/2017,32-35-45-14-31-11,32,35,45,14,31,11,11,14,31,32,35,45
11/27/2017,25-43-22-37-24-15,25,43,22,37,24,15,15,22,24,25,37,43
11/29/2017,02-26-07-04-32-03,2,26,7,4,32,3,2,3,4,7,26,32
12/1/2017,23-03-24-18-21-10,23,3,24,18,21,10,3,10,18,21,23,24
12/4/2017,44-08-06-30-03-18,44,8,6,30,3,18,3,6,8,18,30,44
12/6/2017,10-03-02-36-09-04,10,3,2,36,9,4,2,3,4,9,10,36
12/8/2017,32-19-14-20-40-25,32,19,14,20,40,25,14,19,20,25,32,40
12/11/2017,11-45-41-33-15-25,11,45,41,33,15,25,11,15,25,33,41,45
12/13/2017,06-26-41-38-33-22,6,26,41,38,33,22,6,22,26,33,38,41
12/15/2017,06-19-17-44-09-22,6,19,17,44,9,22,6,9,17,19,22,44
12/18/2017,01-23-38-36-06-27,1,23,38,36,6,27,1,6,23,27,36,38
12/20/2017,10-14-16-25-11-27,10,14,16,25,11,27,10,11,14,16,25,27
12/22/2017,11-40-23-02-28-17,11,40,23,2,28,17,2,11,17,23,28,40
12/27/2017,33-22-17-21-35-24,33,22,17,21,35,24,17,21,22,24,33,35
12/29/2017,34-39-28-36-10-42,34,39,28,36,10,42,10,28,34,36,39,42
1/3/2018,26-16-22-19-45-07,26,16,22,19,45,7,7,16,19,22,26,45
1/5/2018,09-38-16-34-10-40,9,38,16,34,10,40,9,10,16,34,38,40
1/8/2018,28-40-31-21-11-04,28,40,31,21,11,4,4,11,21,28,31,40
1/10/2018,27-13-01-37-02-32,27,13,1,37,2,32,1,2,13,27,32,37
1/12/2018,31-10-36-04-07-41,31,10,36,4,7,41,4,7,10,31,36,41
1/15/2018,02-08-27-23-11-36,2,8,27,23,11,36,2,8,11,23,27,36
1/17/2018,40-16-04-34-24-20,40,16,4,34,24,20,4,16,20,24,34,40
1/19/2018,14-09-42-19-04-34,14,9,42,19,4,34,4,9,14,19,34,42
1/22/2018,21-24-40-43-18-04,21,24,40,43,18,4,4,18,21,24,40,43
1/24/2018,31-43-32-26-38-29,31,43,32,26,38,29,26,29,31,32,38,43
1/26/2018,25-44-14-15-06-04,25,44,14,15,6,4,4,6,14,15,25,44
1/29/2018,45-25-09-02-32-18,45,25,9,2,32,18,2,9,18,25,32,45
1/31/2018,03-13-23-44-20-41,3,13,23,44,20,41,3,13,20,23,41,44
2/2/2018,09-02-20-22-42-25,9,2,20,22,42,25,2,9,20,22,25,42
2/5/2018,35-32-02-11-01-13,35,32,2,11,1,13,1,2,11,13,32,35
2/7/2018,38-14-44-07-26-34,38,14,44,7,26,34,7,14,26,34,38,44
2/9/2018,11-36-40-43-02-06,11,36,40,43,2,6,2,6,11,36,40,43
2/12/2018,39-43-10-32-18-33,39,43,10,32,18,33,10,18,32,33,39,43
2/14/2018,13-39-12-11-24-15,13,39,12,11,24,15,11,12,13,15,24,39
2/16/2018,39-23-20-19-05-40,39,23,20,19,5,40,5,19,20,23,39,40
2/19/2018,23-43-19-38-41-04,23,43,19,38,41,4,4,19,23,38,41,43
2/21/2018,37-20-40-36-14-15,37,20,40,36,14,15,14,15,20,36,37,40
2/23/2018,04-45-30-31-06-02,4,45,30,31,6,2,2,4,6,30,31,45
2/26/2018,32-33-42-30-28-31,32,33,42,30,28,31,28,30,31,32,33,42
2/28/2018,18-29-36-24-38-07,18,29,36,24,38,7,7,18,24,29,36,38
3/2/2018,30-10-33-25-37-16,30,10,33,25,37,16,10,16,25,30,33,37
3/5/2018,18-39-40-44-19-20,18,39,40,44,19,20,18,19,20,39,40,44
3/7/2018,10-05-17-07-29-21,10,5,17,7,29,21,5,7,10,17,21,29
3/9/2018,27-16-08-38-39-03,27,16,8,38,39,3,3,8,16,27,38,39
3/12/2018,29-45-18-13-23-17,29,45,18,13,23,17,13,17,18,23,29,45
3/14/2018,33-06-14-44-19-20,33,6,14,44,19,20,6,14,19,20,33,44
3/16/2018,16-29-33-23-24-25,16,29,33,23,24,25,16,23,24,25,29,33
3/19/2018,12-32-28-27-44-13,12,32,28,27,44,13,12,13,27,28,32,44
3/21/2018,15-30-14-07-42-29,15,30,14,7,42,29,7,14,15,29,30,42
3/23/2018,21-32-44-18-03-28,21,32,44,18,3,28,3,18,21,28,32,44
3/26/2018,40-36-35-12-42-21,40,36,35,12,42,21,12,21,35,36,40,42
3/28/2018,43-14-04-05-13-24,43,14,4,5,13,24,4,5,13,14,24,43
4/2/2018,13-34-25-33-37-05,13,34,25,33,37,5,5,13,25,33,34,37
4/4/2018,25-45-07-04-06-20,25,45,7,4,6,20,4,6,7,20,25,45
4/6/2018,09-28-22-03-37-38,9,28,22,3,37,38,3,9,22,28,37,38
4/9/2018,23-41-27-34-33-32,23,41,27,34,33,32,23,27,32,33,34,41
4/11/2018,37-22-08-24-16-20,37,22,8,24,16,20,8,16,20,22,24,37
4/13/2018,21-31-03-07-17-30,21,31,3,7,17,30,3,7,17,21,30,31
4/16/2018,24-41-44-11-45-07,24,41,44,11,45,7,7,11,24,41,44,45
4/18/2018,38-03-16-12-43-33,38,3,16,12,43,33,3,12,16,33,38,43
4/20/2018,41-12-28-25-11-44,41,12,28,25,11,44,11,12,25,28,41,44
4/23/2018,40-01-26-04-32-42,40,1,26,4,32,42,1,4,26,32,40,42
4/25/2018,43-01-38-17-30-08,43,1,38,17,30,8,1,8,17,30,38,43
4/27/2018,05-27-33-21-42-25,5,27,33,21,42,25,5,21,25,27,33,42
4/30/2018,23-38-36-08-10-21,23,38,36,8,10,21,8,10,21,23,36,38
5/2/2018,10-32-41-42-44-24,10,32,41,42,44,24,10,24,32,41,42,44
5/4/2018,29-35-28-22-31-26,29,35,28,22,31,26,22,26,28,29,31,35